PM2.5,PM10,So2,No2,Co,O3,AQI
150,207,69,106,2.01,28,208
179,252,88,110,2.37,19,221
174,226,63,83,1.72,30,217
110,181,71,86,1.6,21,146
146,211,88,91,2.15,27,191
192,236,77,87,2.07,20,238
267,139,28,63,2.32,12,317
199,74,60,61,2.1,29,249
208,168,78,76,2.48,23,258
128,122,63,66,1.73,21,167
91,73,32,53,1.33,25,120
160,181,63,68,1.68,22,205
265,288,75,87,2.36,21,316
223,260,69,87,2.51,19,274
158,196,65,70,1.86,29,202
122,162,79,95,1.77,27,160
235,272,73,100,1.97,35,285
232,269,96,95,2.25,33,283
220,264,90,102,2.21,28,271
140,199,56,81,1.59,35,184
68,128,61,73,1.42,28,95
96,139,65,73,1.46,33,127
126,178,70,102,1.89,44,163
244,275,105,95,2.45,46,295
287,297,84,86,2.77,46,338
214,213,55,75,2.16,31,261
284,293,49,76,2.29,27,335
286,31,27,47,2.08,33,337
148,108,41,54,2.59,40,193
176,204,55,52,1.98,45,223
219,234,16,41,2.04,40,268
230,256,35,62,2.6,28,280
148,109,29,35,2.55,27,190
40,37,25,26,1,38,58
31,11,19,23,0.83,40,47
29,7,22,24,0.87,29,43
42,40,26,25,0.9,42,63
590,31,24,24,0.89,63,157
111,72,39,26,1.2,66,146
80,28,46,26,1.04,69,107
86,55,42,39,1.07,61,114
74,74,32,38,0.9,62,100
102,10,24,35,0.94,58,135
91,85,35,53,1.14,45,120
99,98,57,53,1.33,38,131
104,92,31,58,1.19,22,137
94,29,22,36,1.25,25,125
26,18,19,28,0.73,54,42
52,67,31,55,0.83,43,74
86,114,70,58,1.52,27,114
81,145,45,87,1.22,42,108
85,148,62,82,1.56,33,115
159,191,44,77,1.63,26,208
131,60,34,63,1.54,17,172
77,50,25,40,1.36,22,103
76,59,28,50,1.34,16,102
76,88,28,53,1.53,16,102
33,9,22,34,1.37,21,48
58,60,11,36,0.87,24,79
109,109,32,43,1.21,24,143
104,114,40,54,1.38,30,138
102,93,42,61,1.37,38,135
81,108,41,59,1.14,67,108
87,89,33,48,1.09,50,115
44,52,47,42,0.94,50,64
75,94,23,47,0.92,53,101
99,131,40,71,1.31,43,131
76,109,56,59,1.17,67,102
75,111,54,66,1.21,26,101
93,160,36,42,1.24,26,139
58,102,32,45,0.85,44,81
79,123,37,64,1.02,53,107
71,127,38,72,1.08,61,97
89,154,39,78,1.21,42,118
91,164,48,75,1.43,42,124
108,191,64,81,1.49,24,144
107,197,27,34,1.18,49,145
72,100,31,39,0.91,63,99
74,114,44,63,1.19,57,101
86,144,48,83,1.4,54,120
114,186,47,96,1.58,22,152
69,89,12,58,1.32,27,94
85,119,53,70,1.89,42,113
69,122,57,65,1.39,67,96
50,84,40,56,1.13,51,73
70,147,30,50,1.11,83,112
89,171,43,57,1.24,81,124
62,99,28,48,0.98,81,87
68,121,38,75,1.27,62,93
88,155,45,84,1.45,73,119
88,154,30,59,1.14,96,121
125,185,40,55,1.35,102,166
138,200,28,79,1.3,72,182
71,110,38,48,1.16,59,96
86,67,33,49,1.16,56,115
98,135,37,81,1.54,50,130
95,150,34,81,1.47,69,131
61,121,49,63,1.1,75,90
53,84,18,43,1.12,55,79
51,44,6,27,1.19,56,73
53,62,20,24,1.05,66,75
46,70,23,35,0.77,77,65
55,71,31,46,1.14,52,77
35,39,25,35,1.04,44,55
39,53,20,44,1.03,56,58
44,65,32,44,1.01,36,65
18,23,16,22,0.7,77,46
59,82,24,45,1.01,67,83
26,31,18,35,0.85,55,44
50,68,22,37,0.85,76,71
49,66,36,54,1.1,50,71
56,81,33,61,1.27,22,78
61,75,23,51,1.19,26,85
35,61,19,28,0.82,66,60
47,118,22,37,0.77,86,88
48,111,23,62,0.86,78,85
53,109,34,75,1,65,82
63,129,32,57,0.81,70,101
67,163,24,70,1.06,71,108
65,209,25,51,0.8,57,131
54,184,34,50,0.8,63,118
54,105,21,39,0.74,58,82
52,137,36,58,0.99,71,95
54,131,40,70,0.97,83,94
69,152,28,74,0.92,76,102
80,155,35,60,1.14,81,112
46,71,31,36,0.91,66,67
30,32,20,35,1,39,46
24,48,19,33,0.96,78,55
51,103,33,72,1.08,81,84
67,110,41,67,1.29,54,92
56,64,17,33,0.99,74,79
37,103,27,48,0.77,83,80
90,183,43,98,1.44,61,126
73,103,24,46,0.89,64,100
99,137,28,72,1.26,48,131
115,159,28,80,1.36,42,153
161,215,24,63,1.19,72,207
179,223,31,91,1.74,35,222
73,93,26,41,1.07,78,99
42,71,30,41,0.93,68,65
39,62,22,42,1,32,62
67,132,20,39,1.04,61,104
136,406,23,38,0.71,80,282
103,198,22,35,0.79,79,141
86,192,26,70,0.92,70,125
103,245,30,71,1.21,86,149
81,156,32,54,1.1,55,109
52,81,26,38,1.11,40,74
29,47,18,28,0.92,59,50
47,77,21,26,0.76,116,83
47,76,22,23,0.69,116,75
64,111,33,46,1,118,100
80,150,33,61,1.11,124,122
106,191,38,63,1.24,145,143
106,165,22,41,1.1,148,142
130,221,37,78,1.61,101,173
150,230,28,70,1.5,111,200
113,184,26,50,1.12,115,150
111,182,28,57,1.17,118,148
224,296,24,52,1.54,137,259
154,226,30,61,1.42,127,203
102,154,25,43,1.12,121,137
90,122,18,30,1.04,106,120
64,84,16,34,0.98,70,89
71,90,19,40,0.87,79,96
79,122,32,44,1.2,117,114
71,112,34,37,1.21,107,103
100,144,21,30,1.18,100,135
81,104,17,23,1.02,118,110
75,112,23,35,1.11,132,107
63,101,21,47,1.03,87,88
46,75,18,35,0.72,87,77
35,58,29,39,0.86,48,60
23,31,18,35,0.86,37,39
31,50,13,36,0.9,53,53
49,84,20,44,1.22,60,74
59,99,19,60,1.03,60,84
74,100,18,48,1.18,59,100
63,87,20,44,1.11,42,87
46,62,16,38,0.87,62,69
40,73,26,42,1.17,73,69
26,40,14,36,0.73,46,43
18,26,12,23,0.8,63,38
27,49,13,31,0.76,81,52
49,88,19,45,1.14,77,74
55,105,21,57,1.08,94,92
73,122,19,51,1.11,101,105
79,133,20,50,1.04,116,121
81,136,20,40,1.2,108,113
24,43,16,32,0.71,60,47
21,34,17,30,0.59,74,48
24,47,19,31,0.63,74,54
27,53,5,30,0.5,47,51
16,30,15,26,0.63,36,37
22,40,19,38,0.99,24,46
35,74,21,42,1.14,37,65
37,79,18,42,0.96,66,68
31,68,22,36,0.8,56,65
35,83,20,42,0.73,67,73
51,116,17,48,0.87,79,88
61,124,16,42,0.99,78,91
53,90,18,21,0.94,137,88
59,111,21,35,0.87,114,91
53,102,17,39,0.84,110,93
68,134,22,54,1.1,139,124
72,140,20,59,1.01,103,108
43,87,20,34,0.74,86,74
33,73,18,31,0.64,81,66
31,74,20,39,0.8,77,69
35,62,14,23,0.7,97,62
21,47,15,26,0.66,53,51
31,75,17,40,0.72,72,66
53,110,22,45,0.93,105,95
50,90,25,38,0.95,83,81
38,78,22,38,1.03,80,78
50,60,15,19,1.05,67,71
55,87,16,28,1.02,78,82
63,94,16,28,1.07,76,88
34,48,16,28,1.04,54,56
43,48,13,28,0.93,63,63
22,28,14,20,0.71,90,51
27,48,16,39,0.94,74,52
59,109,19,59,1.4,85,94
59,94,21,51,1.24,60,81
39,66,20,31,1,114,76
38,56,19,34,0.97,62,59
42,68,16,34,0.89,85,68
57,102,18,47,0.99,91,84
65,109,22,47,1.12,94,98
66,118,25,43,1.08,91,93
34,55,6,26,0.9,86,59
48,81,20,42,1.01,78,72
53,75,16,53,1.13,56,74
34,50,15,29,0.84,67,54
28,52,17,32,0.92,51,54
24,49,15,35,1.03,45,50
47,85,20,33,1.2,81,75
32,49,16,27,0.96,48,49
20,34,17,25,0.75,57,45
23,38,16,33,0.78,36,42
28,47,18,30,0.74,71,59
42,86,24,62,1.12,86,80
64,118,22,59,1.05,92,96
72,134,30,61,1.21,95,110
74,136,20,62,1.11,72,103
86,138,20,45,1.23,66,116
49,73,18,26,1.31,63,71
54,79,23,29,1.17,48,76
59,87,25,31,1.16,77,82
51,60,18,29,1.03,42,71
21,31,15,20,0.7,57,44
39,65,19,37,1.06,57,61
30,43,14,26,1.03,25,46
28,51,19,29,0.96,68,52
36,51,15,24,1.02,50,56
11,15,14,25,0.91,27,23
13,24,18,25,1.02,54,35
30,51,17,46,1.04,70,55
43,82,23,51,1.12,78,71
31,55,26,30,0.82,96,62
27,62,23,31,0.6,84,60
35,74,18,33,0.76,100,68
85,139,34,50,1.25,86,114
84,133,25,49,1.14,74,113
87,142,33,48,1.26,79,118
82,119,27,31,1.02,89,110
29,38,18,20,0.89,70,52
32,49,17,22,0.81,78,55
49,77,24,37,1.1,54,69
46,78,18,34,1.04,80,76
50,111,30,53,1.04,72,83
59,133,37,57,1.04,87,95
123,201,25,37,1.16,112,162
111,153,28,36,1.08,117,150
79,134,37,59,1.2,102,108
71,121,44,62,1.17,115,107
80,134,35,72,1.19,94,111
66,107,27,51,1.05,100,95
68,110,24,44,0.97,103,93
116,182,24,28,0.99,103,156
54,100,22,27,0.74,65,82
67,113,26,53,0.91,81,92
110,184,31,95,1.26,74,145
137,215,45,109,1.68,38,181
170,242,38,88,1.64,47,221
164,269,40,104,1.78,35,214
127,205,45,89,1.48,81,169
179,241,30,66,1.6,49,228
44,52,19,30,1.07,59,67
67,90,24,54,1.07,61,94
62,106,31,79,1.32,39,88
78,146,32,86,1.39,53,107
93,167,39,90,1.48,52,125
115,201,46,97,1.56,61,153
165,201,25,42,1.42,64,211
95,113,25,42,1.22,37,125
42,33,17,36,1.04,27,64
21,20,15,32,0.93,25,34
91,96,9,38,1.3,31,122
107,109,21,34,1.28,60,141
24,61,22,26,0.62,60,60
39,105,30,52,1,51,79
57,112,38,72,1.24,43,84
66,93,28,66,1.12,29,90
54,87,28,59,1.18,38,78
80,90,23,53,1.09,39,108
49,46,21,39,0.81,46,69
41,58,22,47,0.8,29,59
61,76,18,49,0.96,23,83
79,100,19,56,1.05,26,106
49,82,24,49,0.77,41,80
51,119,31,63,1.01,43,86
78,138,49,74,1.23,41,106
84,121,38,66,1.06,25,113
126,144,32,63,1.26,39,167
97,115,36,49,0.98,74,130
78,115,46,66,1.29,49,105
95,148,51,84,1.28,38,126
103,155,57,87,1.59,40,137
136,200,59,108,1.81,34,181
136,173,46,76,1.45,67,175
232,74,27,63,2.61,30,274
30,9,18,39,1.43,23,49
79,51,21,43,1.31,26,109
82,36,31,47,1.44,15,110
34,37,26,44,1.25,27,52
70,67,27,51,1.92,31,98
53,25,21,44,2.2,17,73
42,54,25,47,1.62,22,65
33,108,20,31,0.64,47,80
42,110,43,36,1.01,47,87
60,92,20,50,0.92,15,83
75,109,33,50,1.14,30,101
95,130,51,69,1.45,29,127
67,106,51,69,1.25,36,96
66,105,34,54,1.04,45,96
68,120,51,59,1.2,45,96
83,110,41,58,1.19,26,112
90,80,26,41,1.07,21,120
60,116,38,48,0.86,23,95
75,142,39,63,1.08,28,103
77,137,38,79,1.2,31,107
83,139,55,83,1.45,31,112
84,161,58,81,1.39,22,123
28,96,25,39,0.7,52,77
59,111,30,72,1.08,33,86
80,140,55,82,1.29,12,107
64,97,36,61,1.06,39,87
95,128,34,67,1.49,32,126
68,111,37,47,1.13,45,94
83,128,50,71,1.29,33,111
92,135,66,78,1.47,24,123
136,176,53,90,2.06,28,180
200,195,51,68,1.72,30,251
112,110,45,61,1.71,26,148
92,94,29,52,1.24,26,122
112,113,36,46,1.23,44,148
92,123,35,65,1.46,40,124
119,184,61,89,2.11,35,161
126,239,52,84,2.16,40,181
45,119,40,58,1.06,34,86
82,142,57,78,1.35,12,110
110,181,42,88,1.61,21,146
133,215,69,117,1.92,25,175
153,168,61,95,1.84,11,199
235,118,44,68,2.37,12,284
127,152,30,69,1.98,21,169
154,192,36,97,2.12,24,203
190,227,42,104,2.12,26,241
180,220,43,108,2.17,28,229
177,221,40,119,2.67,25,228
145,177,35,82,1.84,22,190
97,121,27,55,1.5,23,129
88,90,16,60,1.08,28,118
123,150,26,79,1.59,14,163
129,142,23,68,1.25,27,171
128,160,43,73,1.44,41,169
112,146,32,65,1.16,45,148
141,172,35,87,1.51,34,187
99,165,41,95,1.44,26,132
111,168,34,74,1.45,35,156
102,133,51,69,1.45,36,135
87,134,57,85,1.45,21,116
100,158,48,91,1.5,21,133
229,57,25,61,2.05,18,280
253,0,29,63,2.47,13,304
106,7,14,32,1.56,29,139
32,1,10,26,0.73,25,46
64,24,12,33,0.89,23,88
83,57,17,40,1.04,36,111
132,89,24,44,1.24,46,174
122,3,16,54,1.43,15,161
105,39,18,54,1.36,12,138
117,61,15,46,1.27,29,154
172,179,29,76,1.79,33,221
168,200,49,77,1.87,33,214
121,160,36,84,1.51,43,161
139,194,41,108,1.72,17,184
163,185,52,65,1.83,35,210
52,84,28,60,1.03,38,73
80,115,41,76,1.15,30,108
140,161,40,66,1.39,44,186
151,188,39,89,1.76,44,196
139,189,44,104,2,45,184
124,136,37,68,1.55,43,165
99,103,25,52,1.6,20,132
105,162,23,64,1.88,25,140
143,209,31,63,1.76,60,189
119,159,26,36,1.57,71,158
107,122,25,30,1.2,61,142
41,56,9,19,0.97,34,72
81,75,14,25,1.1,45,109
122,108,15,33,1.37,31,161
114,115,15,33,1.51,29,150
91,93,16,38,1.48,25,122
73,73,13,39,1.41,20,99
53,49,16,40,1.25,17,73
43,39,13,26,1.11,39,60
21,18,10,18,0.72,54,32
61,68,18,47,0.89,40,83
75,86,25,54,1.1,37,102
62,172,21,29,0.77,56,138
47,82,22,36,0.89,58,69
47,57,17,26,0.72,56,66
101,109,22,39,0.92,49,134
81,95,27,45,1.04,46,108
65,80,28,49,0.97,33,89
102,115,26,48,1.07,49,135
153,135,22,45,1.2,32,197
81,113,26,58,1.07,37,109
68,114,26,54,0.9,72,97
81,142,40,79,1.33,37,110
85,133,31,70,1.31,25,114
108,127,28,57,1.51,8,143
82,95,26,45,1.37,23,111
40,52,25,39,1.49,12,58
22,22,12,27,1.26,21,33
41,49,14,32,1.27,24,58
45,47,12,39,1.16,39,63
71,106,19,64,1.21,43,97
72,136,29,72,1.37,50,111
57,146,25,47,0.99,73,101
55,142,29,57,1.14,49,97
50,109,35,59,0.96,68,81
48,79,27,52,1.01,50,73
65,83,20,49,1.13,59,89
62,97,21,68,1.13,36,87
78,122,23,65,1.53,30,106
46,53,19,36,1.22,34,65
47,80,22,41,1.21,40,72
59,104,27,51,1.58,27,83
22,35,18,36,1.15,23,35
42,101,29,48,1.39,39,78
42,40,13,29,1.32,38,61
52,46,8,24,1.12,73,73
74,57,9,25,1.14,76,100
49,66,9,21,0.78,61,70
37,49,14,37,0.87,54,55
50,76,22,52,0.96,45,71
69,110,20,63,1.09,46,94
89,163,30,87,1.69,59,123
45,122,17,41,0.66,76,95
27,104,16,42,0.55,71,78
45,113,22,48,0.63,81,84
72,144,31,78,1.17,22,107
75,138,25,54,1.25,40,110
75,180,28,56,1.11,54,116
81,147,28,63,1.29,46,109
22,24,9,22,0.94,66,37
27,42,12,27,0.68,68,47
49,90,15,61,0.89,51,73
55,121,19,79,0.9,53,87
75,182,25,87,1.22,62,118
79,151,22,77,1.09,48,109
102,199,23,83,1.54,68,143
83,187,23,80,1.31,70,129
63,130,20,48,0.86,83,94
51,88,16,35,0.84,63,78
74,134,16,31,1.01,109,112
57,142,23,56,1.03,110,101
60,97,18,47,1.09,77,84
23,36,10,22,0.77,60,41
46,72,12,35,0.92,89,74
50,89,15,45,0.89,66,72
72,121,16,58,1.13,70,98
88,143,14,58,1.08,83,119
78,130,17,48,1.11,77,106
47,69,9,35,0.96,74,67
50,90,13,54,1.15,75,82
72,124,20,49,1.2,92,102
33,95,13,25,0.56,82,75
38,140,12,30,0.48,90,96
43,115,19,44,0.69,60,84
29,68,14,37,0.74,40,59
46,73,11,33,0.97,52,65
60,110,14,31,0.96,119,88
53,91,20,37,0.93,87,76
77,118,12,52,1.12,47,104
104,160,12,59,1.25,89,138
79,148,14,56,1.15,89,126
36,99,21,44,0.88,143,97
47,106,19,40,0.89,124,91
81,125,15,50,0.95,79,109
121,181,18,65,1.3,111,165
132,219,28,91,1.41,92,175
99,117,16,41,1.35,106,132
86,110,12,41,1.15,47,115
80,112,13,42,1.36,67,107
40,47,10,25,0.99,55,57
61,101,11,35,0.96,87,84
86,139,14,57,1.15,96,124
78,137,22,48,1.27,85,105
33,42,10,24,1.03,58,50
39,64,12,36,0.88,76,60
39,63,14,37,0.73,57,61
32,59,14,34,0.66,77,58
43,120,19,56,0.94,70,88
32,59,17,44,0.99,63,54
28,45,13,31,0.7,63,45
53,92,16,45,0.8,63,75
44,83,15,50,0.8,58,69
44,137,14,45,0.66,72,97
48,178,17,66,0.71,80,116
50,136,15,66,0.8,55,94
37,74,16,40,0.86,48,64
25,44,11,31,0.71,41,44
50,90,12,38,1.01,51,74
22,26,9,30,0.99,49,35
35,58,9,34,0.91,86,62
48,81,14,48,1.16,80,76
66,105,16,59,1.15,67,91
60,69,8,26,1.08,108,83
43,62,10,32,1.01,103,65
50,81,13,30,1.05,98,78
30,51,11,29,0.7,63,52
23,50,6,27,0.68,48,48
35,75,8,41,1.22,76,65
27,52,6,30,0.69,48,50
29,75,8,41,1.1,69,59
41,83,8,32,0.86,68,68
24,38,6,21,0.87,36,38
25,44,7,25,0.68,90,51
47,94,9,54,0.97,81,89
50,96,10,41,1.03,70,76
34,58,9,38,0.81,90,62
37,63,8,31,0.67,93,64
29,41,9,26,0.65,78,50
23,43,9,26,0.62,97,52
44,84,10,38,0.77,94,78
45,72,9,26,0.75,75,68
23,43,9,19,0.71,68,45
28,52,8,18,0.65,52,52
33,76,7,34,0.68,70,66
50,112,9,45,0.8,84,91
70,146,12,56,1.13,74,101
47,86,9,41,0.95,44,70
19,21,10,22,0.86,68,37
29,42,6,24,0.77,44,46
52,80,7,29,0.75,70,74
57,99,10,38,0.98,73,79
42,78,9,38,0.87,63,70
47,96,8,34,0.85,137,104
48,98,10,48,1.05,78,83
27,39,7,34,0.85,51,44
32,50,8,27,0.68,86,57
39,66,10,28,0.84,93,78
24,40,10,28,0.72,40,43
17,37,9,24,0.58,45,40
19,45,11,23,0.49,65,46
19,49,13,21,0.46,81,51
21,52,10,19,0.46,78,53
18,52,11,21,0.46,80,52
18,56,12,23,0.47,76,54
22,63,12,22,0.49,87,60
27,67,14,21,0.47,96,61
23,59,14,22,0.46,75,56
25,70,13,31,0.5,64,61
26,55,10,26,0.6,78,57
27,56,10,26,0.71,86,60
37,65,9,17,0.65,99,65
21,44,8,13,0.5,51,44
13,13,8,11,0.42,39,22
16,27,9,14,0.47,49,32
25,59,13,32,0.67,69,58
33,73,13,35,0.74,90,71
54,108,18,41,0.91,97,91
47,86,11,39,0.89,53,70
44,80,9,36,0.77,91,76
59,116,15,52,1.07,93,96
62,110,14,32,0.97,102,89
30,40,10,24,0.79,63,50
24,42,9,18,0.54,89,49
35,67,12,42,0.78,77,67
38,89,13,49,0.88,82,83
50,106,16,41,0.92,93,88
54,99,12,22,0.84,122,83
59,102,11,29,0.9,109,82
61,117,13,47,0.97,121,103
76,158,15,64,1.16,96,118
67,123,15,49,1.12,93,95
66,120,14,47,1.04,114,103
65,133,18,57,1.15,94,105
65,135,16,57,1.14,93,108
54,97,11,33,0.8,101,84
38,70,13,21,0.71,131,79
45,91,17,35,0.96,119,87
43,85,15,29,0.81,75,70
30,58,12,29,0.89,70,57
38,73,13,33,0.99,84,66
61,95,14,19,1.03,122,91
40,83,17,37,1.03,108,84
42,86,19,38,0.95,116,90
45,89,20,39,1.02,130,93
46,89,16,38,0.91,71,73
49,68,11,20,0.87,92,71
32,70,21,36,0.85,92,65
42,106,25,47,0.83,96,87
61,112,25,48,1.03,95,99
54,104,20,50,0.96,97,86
47,106,29,46,0.9,85,79
44,59,11,44,0.85,43,62
32,41,15,31,0.83,39,48
64,143,15,86,1.14,98,104
63,111,20,54,0.97,95,101
58,104,21,46,0.99,77,84
58,84,13,38,1.02,86,81
52,75,13,41,1.1,59,73
38,56,12,28,0.77,72,58
57,98,18,48,0.99,73,81
57,104,21,58,1.01,86,97
63,107,26,40,1.06,121,102
32,67,15,25,0.8,88,60
19,27,13,19,0.61,57,37
30,75,13,27,0.65,59,65
50,153,21,55,0.76,75,103
77,173,26,64,1.07,88,115
64,139,22,47,1.12,93,98
76,98,17,47,1.38,70,102
53,52,16,37,1.28,24,72
23,26,13,25,1.02,43,35
23,34,13,17,0.74,81,44
37,69,18,38,0.75,58,64
53,115,20,59,0.9,56,84
72,141,18,67,1.01,53,105
71,143,28,76,1.16,67,102
78,162,33,80,1.19,63,112
83,167,31,79,1.05,74,116
100,196,37,101,1.57,60,134
106,196,28,96,1.54,71,148
95,180,33,87,1.37,93,135
109,200,31,98,1.57,85,146
64,135,27,77,1.13,81,95
74,143,25,79,1.19,70,104
86,156,28,83,1.25,79,118
75,125,20,57,1.1,96,102
111,180,19,68,1.32,73,148
114,178,22,66,1.57,77,153
104,171,22,64,1.34,68,138
92,131,17,39,1.18,30,124
24,53,19,30,0.62,50,48
43,88,27,57,0.8,24,70
24,31,14,32,0.67,32,37
118,139,17,39,1.12,38,153
47,70,13,34,0.78,47,67
61,73,16,40,0.69,58,84
62,100,24,68,1.02,43,86
69,111,28,59,1.06,49,96
84,113,24,61,1.23,21,113
65,93,21,51,1.29,16,89
46,69,22,40,1.24,14,66
26,28,15,23,0.84,19,39
46,50,16,26,0.97,32,64
74,88,26,45,1.46,35,100
75,93,17,39,1.34,35,101
97,108,12,42,1.24,36,128
55,53,11,39,0.87,17,76
47,50,11,41,1.26,19,66
60,72,15,47,1.23,25,82
47,71,20,42,1.49,17,67
47,48,11,31,1.2,25,66
48,52,14,30,1.52,25,68
40,38,8,27,1.52,26,57
47,50,30,30,1.56,9,66
49,77,18,47,1.61,13,70
54,86,19,43,1.57,9,75
46,63,17,36,1.55,11,65
23,27,13,24,1.17,9,34
17,13,5,22,0.97,23,25
58,63,23,35,0.75,32,80
44,62,15,43,0.76,39,63
47,85,28,54,0.93,22,69
84,137,31,65,1.41,14,113
88,102,20,52,1.17,13,118
97,135,23,55,1.45,6,128
58,93,14,49,1.25,15,82
51,151,18,40,0.95,28,108
51,166,20,52,0.97,27,109
25,69,19,39,0.67,31,60
53,99,18,52,0.8,10,81
66,94,13,54,1.03,15,90
63,113,24,65,1.27,12,90
66,95,16,52,1.12,14,90
74,101,15,48,0.83,13,100
140,165,15,48,1.17,20,182
233,242,18,43,1.65,36,284
260,259,10,56,2.56,10,311
118,103,8,41,1.02,14,156
124,158,16,61,1.33,22,165
44,72,18,42,0.74,36,68
24,57,16,30,0.55,48,53
42,92,23,55,0.96,22,72
67,122,30,63,1.15,20,92
100,162,39,76,1.42,9,133
90,47,11,49,0.96,21,119
80,91,21,42,0.96,18,107
112,109,11,43,1.2,13,150
172,101,12,44,1.33,22,222
142,108,14,48,1.52,24,180
278,296,41,76,2.31,41,328
135,176,31,87,1.65,32,177
139,178,15,61,1.69,19,180
95,120,9,36,1.09,10,126
120,153,16,57,1.27,16,158
152,198,21,81,1.59,21,200
125,167,28,71,1.31,30,165
113,161,39,76,1.35,17,149
140,201,49,83,1.7,16,186
119,158,31,68,1.69,12,157
194,184,16,56,1.96,15,235
101,59,11,37,2.01,9,134
88,87,10,34,1.31,12,118
101,108,16,33,1.04,33,135
126,162,21,59,1.69,22,167
132,149,19,55,1.65,15,174
107,99,13,45,1.48,12,142
188,41,14,43,1.98,16,239
80,29,11,30,1.11,12,108
84,92,23,41,1.23,32,113
128,165,25,67,1.31,18,169
123,168,27,65,1.43,25,162
122,166,17,72,1.62,15,162
138,145,20,43,1.35,51,178
208,229,25,44,1.82,34,253
137,169,27,51,1.38,47,178
103,121,22,50,1.02,26,137
70,59,12,34,0.83,24,95
57,54,10,26,0.75,38,79
69,81,20,23,0.91,52,95
24,124,12,19,0.57,61,88
35,116,15,45,0.66,44,84
61,136,33,68,1.02,29,95
70,126,36,66,1.11,19,96
76,90,14,50,1.04,21,102
89,66,10,33,1.09,38,119
70,66,8,33,1.14,22,95
96,71,8,28,1.23,24,127
114,78,20,29,1.32,59,149
112,134,22,48,1.44,59,148
96,127,21,63,1.41,44,127
90,121,19,69,1.26,46,120
88,108,20,42,1,72,119
25,73,16,18,0.52,79,62
54,99,15,31,0.77,75,80
152,187,27,51,1.25,61,193
117,145,35,48,1.36,65,155
64,94,32,46,1.19,48,87
60,81,20,38,1.12,27,82
75,82,13,25,1.29,17,101
46,50,10,13,1.2,41,66
30,45,11,12,0.6,52,49
23,41,13,20,0.56,64,42
35,57,14,42,0.69,55,54
61,90,17,70,1.11,33,83
64,93,18,70,1.14,38,88
75,151,23,56,1.01,40,119
59,229,16,39,0.64,52,140
68,207,22,37,0.83,51,130
63,91,11,30,0.91,58,86
133,186,11,33,1.02,46,171
184,230,17,50,1.54,50,233
125,172,21,62,1.28,47,166
69,112,14,33,0.76,64,100
49,95,14,43,0.82,47,78
83,157,25,48,1.09,67,113
74,123,22,50,1,74,104
85,140,29,48,1.09,82,115
97,173,34,82,1.49,53,129
148,238,36,110,1.81,13,197
85,120,17,48,1.11,47,115
113,284,20,41,1.14,57,211
142,231,21,50,1.31,55,186
139,191,23,58,1.49,40,181
45,36,8,19,0.93,50,67
19,31,6,17,0.56,60,41
36,52,10,23,0.6,55,53
56,82,15,45,0.82,45,77
62,107,32,55,0.99,47,86
86,122,19,46,0.99,56,115
117,145,20,52,1.09,81,155
113,164,29,66,1.08,62,149
112,181,23,82,1.3,46,149
137,208,23,95,1.45,9,183
125,161,15,56,1.04,56,166
115,184,21,72,1.43,52,152
92,120,12,44,1.16,52,122
69,122,15,48,0.98,74,94
84,160,21,68,1.14,76,113
83,111,8,24,0.73,86,111
35,72,8,22,0.56,98,63
33,85,18,46,0.68,66,68
58,101,12,63,0.77,53,83
59,91,12,63,0.75,54,87
47,103,13,63,0.68,68,81
58,109,16,72,0.78,29,87
78,88,7,49,1.03,18,106
58,67,6,38,0.84,55,80
62,105,19,49,1.08,49,88
75,116,16,59,1.4,16,102
46,55,5,20,0.96,44,64
44,67,9,31,1,59,64
53,74,15,42,1.19,18,74
17,18,3,30,1.07,15,25
34,52,7,44,1.18,43,51
66,118,9,84,1.55,36,92
68,131,14,80,1.55,26,96
73,144,17,78,1.57,58,106
55,125,14,61,1.01,96,98
49,107,14,50,0.95,68,80
73,152,11,75,1.12,73,108
67,139,16,60,1.01,74,100
33,66,13,33,0.81,66,59
23,38,5,28,0.77,56,43
30,59,8,41,0.87,45,55
33,66,8,44,0.61,55,59
37,87,13,39,0.83,74,71
29,40,6,28,0.8,44,46
40,72,6,36,0.83,82,63
49,96,9,56,0.95,44,74
25,42,5,33,0.67,68,44
27,48,5,30,0.74,74,48
38,66,7,41,0.91,60,60
44,62,5,43,0.96,39,63
59,95,5,24,0.85,89,82
37,82,12,47,0.91,86,70
46,105,14,52,0.81,93,87
46,111,11,49,0.78,89,87
36,82,7,32,0.75,78,69
36,78,6,27,0.76,39,65
33,111,7,40,0.59,65,82
40,119,12,54,0.86,58,86
30,51,3,28,0.78,52,49
50,90,7,40,1.18,51,73
54,132,5,26,0.85,79,94
41,87,3,22,0.72,54,70
43,60,4,37,0.84,42,61
47,73,4,36,0.86,59,68
57,104,10,42,1.04,76,85
62,138,13,33,0.93,100,105
32,95,8,24,0.66,95,74
73,115,9,41,1.19,66,101
22,53,3,27,0.68,58,48
36,92,8,54,0.66,67,78
46,99,16,56,0.76,88,82
60,113,14,54,0.88,79,90
93,147,11,57,1.16,61,124
50,55,4,27,0.9,86,69
16,23,3,20,0.55,76,39
22,42,3,30,0.58,71,47
42,72,4,49,0.71,48,64
55,97,5,50,0.76,98,81
45,79,4,46,0.76,65,71
32,42,3,30,0.7,68,49
32,43,3,32,0.82,58,48
16,28,3,22,0.71,76,37
28,53,5,34,0.71,88,56
41,84,7,47,0.87,77,74
41,88,6,43,1.09,41,70
17,33,5,25,0.88,47,34
14,25,5,25,0.72,52,29
30,52,7,34,0.74,58,50
44,81,8,46,0.71,86,73
52,103,11,46,0.95,86,83
27,60,10,36,0.87,100,70
39,76,4,41,0.84,70,64
46,79,5,37,0.76,80,77
44,92,7,42,0.82,106,79
59,117,8,50,1.02,100,90
57,86,5,42,1,63,80
30,53,4,40,0.79,79,50
43,82,4,43,0.73,84,74
39,83,5,39,0.67,79,72
31,93,7,45,0.67,56,72
25,79,8,34,0.57,102,79
29,77,7,37,0.57,112,81
29,70,6,28,0.61,62,61
17,30,4,25,0.59,60,46
20,41,3,39,0.91,30,43
26,55,4,33,0.7,45,53
25,58,6,35,0.56,55,55
21,57,6,27,0.51,77,55
11,26,6,21,0.68,65,35
12,19,4,26,0.62,79,42
26,42,5,36,0.74,45,44
17,24,4,35,0.65,40,30
22,33,5,45,0.7,31,36
31,56,6,34,0.87,55,55
21,48,6,30,0.71,33,47
9,15,4,22,0.57,32,18
8,12,4,31,0.61,27,19
12,26,4,27,0.62,53,29
8,16,4,22,0.57,64,31
13,25,4,33,0.62,41,30
10,20,3,27,0.77,29,22
26,52,4,39,0.88,74,56
33,65,5,42,0.88,78,73
25,59,7,28,0.71,78,66
29,59,5,25,0.64,74,58
31,62,5,30,0.68,66,59
39,89,4,43,0.79,96,84
31,63,5,38,0.82,66,57
35,58,4,27,0.85,79,58
12,24,3,27,0.72,47,31
22,49,5,35,0.95,99,69
30,67,5,30,0.88,58,60
20,49,5,24,0.62,53,50
22,43,3,27,0.74,26,43
15,35,3,20,0.52,38,38
17,43,4,20,0.6,54,43
17,49,5,20,0.5,75,49
22,58,5,22,0.51,87,57
22,64,4,26,0.56,77,59
30,87,4,33,0.62,95,75
40,99,5,36,0.64,101,83
37,98,4,36,0.69,98,80
37,87,5,27,0.58,120,81
26,71,5,25,0.5,112,72
23,76,7,36,0.48,75,69
34,121,8,49,0.84,79,98
35,95,6,36,0.81,103,94
24,63,6,30,0.81,74,59
19,45,5,28,0.84,43,46
14,30,4,29,0.7,32,31
28,62,5,31,0.8,47,56
25,55,4,43,0.73,33,51
25,60,5,40,0.83,46,56
20,45,4,29,0.68,43,46
29,60,5,26,0.7,66,57
24,60,5,29,0.65,68,57
26,68,5,31,0.76,80,70
29,72,5,31,0.74,88,74
25,76,5,33,0.7,78,74
24,65,5,33,0.79,76,67
28,80,6,33,0.83,87,75
49,104,7,30,0.97,110,86
58,114,5,29,1.18,118,103
46,104,7,36,0.93,117,98
31,93,7,37,0.76,80,77
43,110,5,35,1.03,79,82
33,66,4,14,0.97,98,62
48,91,5,21,1.01,100,75
47,96,5,34,1.18,87,77
57,128,5,47,1.2,90,97
55,108,6,39,1.13,80,88
9,21,4,15,0.6,45,27
18,53,9,22,0.65,103,59
24,66,11,41,0.66,104,71
31,90,18,55,0.93,104,86
45,112,15,44,0.86,118,95
43,94,10,35,0.65,102,81
55,99,9,28,0.77,101,88
46,112,10,55,0.86,118,101
63,150,14,72,1.14,98,116
49,123,16,65,1.01,84,89
46,120,16,68,0.95,84,97
30,74,9,42,0.64,75,65
44,95,16,45,0.65,87,79
53,129,12,56,0.78,90,95
64,126,12,56,0.87,61,92
41,78,8,41,0.74,78,70
45,110,11,49,0.82,100,93
45,102,15,41,0.92,105,89
34,86,16,45,0.84,97,77
45,102,12,44,0.88,123,96
25,56,7,22,0.61,93,56
11,31,5,15,0.43,57,34
12,36,6,20,0.44,74,41
26,66,10,34,0.72,77,59
38,90,11,26,0.72,105,74
32,93,13,25,0.6,112,76
37,93,14,46,0.69,101,78
61,155,15,73,0.98,90,114
66,151,19,75,1.03,94,109
74,165,19,80,1.09,84,117
85,160,19,65,1.29,66,114
93,157,12,47,1.18,90,129
39,63,7,21,0.87,65,66
13,48,6,16,0.75,54,45
19,32,7,20,0.63,42,34
20,31,7,29,0.59,41,34
33,48,7,46,0.84,20,49
37,54,6,37,0.8,21,53
60,100,8,60,1.44,26,84
51,93,11,67,1.42,43,77
44,83,10,52,0.91,64,68
62,108,10,48,1.06,74,87
58,97,10,35,1.06,71,82
43,74,8,24,0.75,76,66
34,67,13,32,0.87,88,65
23,59,10,31,0.69,71,55
37,68,10,38,0.77,33,63
30,37,6,39,0.81,25,46
36,49,7,40,0.75,28,52
40,58,6,47,0.93,21,57
52,91,8,55,1.21,19,75
32,50,6,35,0.97,31,50
43,81,11,64,1.25,38,67
39,78,10,57,1.1,50,66
83,131,9,63,1.55,22,111
57,75,6,45,1.51,9,79
15,28,6,30,1.14,20,30
7,15,5,27,1.16,18,17
12,21,5,29,1.28,15,24
14,28,5,27,1.11,7,29
16,23,5,38,1.16,17,28
11,15,4,32,1.12,9,18
21,32,5,34,1.45,6,34
14,21,5,24,0.89,32,25
13,18,4,27,0.79,35,22
29,41,6,40,0.94,20,43
21,25,5,34,0.89,18,33
28,40,6,31,0.91,14,44
34,52,6,36,0.76,32,52
58,92,8,51,0.96,25,81
58,105,9,64,1.36,27,84
71,128,18,73,1.49,26,102
78,128,13,58,1.32,37,110
78,76,7,31,1.38,26,108
48,53,7,24,0.86,44,67
44,53,7,37,0.67,33,62
39,56,8,47,0.73,41,57
47,83,13,58,1.05,20,71
55,111,15,66,1.23,19,83
78,141,17,73,1.75,12,106
92,162,15,83,1.9,17,123
151,193,12,84,1.73,17,198
92,106,10,52,1.56,24,122
39,51,7,36,1.26,7,56
36,56,7,41,1.48,3,52
50,77,8,45,1.51,9,71
68,93,9,43,1.59,21,94
39,60,7,43,1.88,5,59
7,11,5,23,0.99,25,15
18,18,5,19,1.05,42,28
45,62,12,44,1.15,25,63
39,65,10,55,0.84,17,58
55,73,10,46,0.7,28,76
76,136,14,83,1.54,22,103
76,154,14,79,1.44,26,111
98,155,13,63,1.26,16,130
99,132,11,50,1.04,28,130
117,168,13,83,1.62,13,155
100,160,13,85,1.62,23,137
117,182,18,91,1.46,23,154
101,123,12,52,1.17,31,135
94,150,19,60,1.43,37,128
82,123,16,57,1.34,37,111
122,174,14,102,1.54,20,161
140,193,15,104,1.68,32,185
133,172,20,77,1.68,43,177
69,87,10,40,1,36,93
76,98,11,55,1.18,17,103
99,105,8,54,1.23,6,131
114,74,6,37,1.23,13,151
62,45,7,30,1.04,24,85
84,102,13,57,1.15,28,112
112,129,16,69,1.33,35,148
80,109,23,75,1.3,24,107
76,117,22,78,1.32,22,103
89,117,15,79,1.33,10,119
137,61,7,48,1.45,8,183
52,41,5,43,1.86,20,72
73,87,8,71,1.8,13,99
83,122,11,74,1.69,13,111
67,86,10,54,1.25,14,91
55,23,5,38,1.16,7,75
41,41,7,36,1.11,12,58
70,74,14,42,1.34,29,95
84,110,18,59,1.41,23,113
96,115,15,56,1.28,33,127
107,140,16,63,1.41,22,142
110,161,23,89,1.93,14,146
111,165,24,91,1.82,14,147
128,157,15,69,1.38,33,169
159,199,19,93,1.82,20,208
185,215,13,87,2.14,5,235
30,29,4,40,1.69,12,43
16,14,4,33,0.83,24,24
26,30,4,34,0.98,16,37
59,72,9,43,1.26,36,82
106,121,17,58,1.76,37,140
91,98,10,41,1.38,52,121
113,103,10,45,1.47,24,149
96,72,9,46,1.29,35,127
80,106,9,70,1.43,15,107
71,101,19,57,1.21,32,95
47,75,12,47,0.95,33,68
69,96,13,57,1.16,31,94
67,94,10,56,1,28,91
93,105,9,50,1.04,16,124
113,127,10,33,1.05,44,150
55,118,14,36,0.78,51,92
59,118,16,60,1.1,31,87
100,155,16,76,1.49,28,132
87,124,20,67,1.28,37,116
65,90,19,50,1.19,50,89
81,93,10,42,1.17,45,109
62,74,9,45,1.08,46,85
122,232,14,35,1.34,53,170
150,193,21,36,1.64,47,197
116,130,10,17,1.38,40,153
109,124,12,17,1.48,55,146
68,74,9,22,1.22,44,93
58,32,4,16,1,36,80
65,31,4,25,1.08,28,88
63,27,5,29,1.28,14,86
43,31,6,26,1.23,16,61
58,68,7,34,1.48,24,80
87,96,9,43,1.66,22,116
55,55,7,28,1.05,43,76
45,39,5,18,0.85,58,63
84,81,10,36,1.2,50,112
62,78,15,50,1.05,48,85
47,71,20,54,1.05,44,67
69,101,14,73,1.16,42,95
69,108,26,89,1.42,35,95
53,98,20,80,1.18,38,76
82,147,23,100,1.52,35,112
90,143,21,75,1.28,60,121
164,221,13,53,1.64,32,207
99,131,13,59,1.39,22,133
133,171,13,63,1.54,28,177
103,150,11,46,1.46,30,137
23,47,7,30,0.91,31,45
61,49,7,29,0.99,39,83
61,72,13,48,1.09,40,83
57,83,13,64,1.02,39,79
62,92,15,65,0.97,51,85
69,117,13,79,1.12,44,94
72,133,25,86,1.31,43,100
72,122,25,80,1.17,54,98
54,127,11,53,0.85,54,100
28,110,15,52,0.78,49,81
44,108,26,63,0.97,46,80
74,128,18,84,1.31,12,106
59,74,8,48,1.02,33,81
216,244,12,63,1.85,44,266
144,178,14,71,1.56,59,183
85,124,19,65,1.11,65,114
81,140,26,84,1.27,55,108
58,81,15,51,1.05,59,80
75,119,14,72,1.29,20,102
57,69,8,53,1.1,41,79
26,25,5,22,0.87,65,41
31,63,11,38,1,59,57
44,70,13,55,0.96,44,65
65,83,11,60,1.1,42,89
73,83,9,83,1.19,21,99
90,83,7,62,1.14,22,120
78,68,7,61,1.27,12,105
43,24,4,31,0.82,48,60
50,59,7,48,0.96,41,71
33,37,4,49,0.98,41,48
43,44,6,43,1.18,30,61
33,33,4,34,0.78,35,48
42,85,8,47,0.87,36,75
34,145,10,60,0.89,45,99
41,145,12,64,0.92,58,98
45,119,15,48,0.88,62,86
73,128,14,40,1.09,64,101
62,77,8,35,1.19,52,84
38,53,7,27,0.75,88,59
63,93,9,56,0.99,62,86
48,91,12,63,0.95,69,80
55,122,29,63,1.19,58,87
59,111,20,68,1.21,31,86
76,94,7,56,1.48,17,103
35,48,5,37,1.18,26,51
44,72,6,48,1.4,33,65
40,67,8,40,1.67,50,62
7,11,5,18,1,73,35
9,14,5,21,0.7,64,34
38,52,6,34,1.01,59,55
48,85,9,60,1.23,50,70
49,96,10,67,1.21,61,79
42,101,9,58,1.01,64,77
53,126,13,59,1.34,64,89
54,104,7,51,1.38,29,79
17,58,6,21,0.64,69,54
31,122,8,41,0.9,61,87
51,153,9,62,1.22,34,103
27,85,6,32,0.78,52,69
30,107,8,43,0.79,32,80
32,118,9,52,0.74,58,85
40,122,9,65,0.86,66,89
40,122,9,65,0.86,66,89
47,124,15,57,0.95,77,89
52,102,9,52,1.01,52,81
56,83,5,23,1.04,77,79
32,74,10,37,0.79,107,71
40,94,10,65,0.79,83,79
35,94,11,61,0.77,81,78
46,118,13,62,0.87,84,93
57,104,9,58,1.1,49,86
45,80,8,42,1.01,75,73
27,46,6,25,0.94,61,48
16,31,5,22,0.82,67,38
34,117,7,39,0.89,74,84
160,617,13,42,0.91,60,422
104,286,7,61,1.2,18,177
29,58,4,29,0.73,59,55
29,74,5,45,0.86,54,63
42,115,7,65,1.07,61,84
57,127,8,64,1.31,40,90
19,48,5,30,0.62,79,52
29,88,6,53,0.81,72,73
57,155,9,58,1.19,85,109
41,88,5,35,0.89,87,70
40,85,5,31,0.81,87,70
42,101,6,56,0.87,94,90
57,132,9,60,1.11,93,104
67,118,9,49,1.12,66,92
71,132,7,56,1.18,78,104
71,132,7,56,1.18,78,104
55,110,7,45,1.03,90,89
33,51,4,29,0.87,56,50
13,24,4,19,0.77,59,30
23,48,5,23,0.69,100,56
31,76,8,53,0.85,94,71
43,93,7,52,0.83,104,89
39,106,8,63,0.92,96,98
40,125,8,62,0.99,86,103
42,114,11,55,0.93,95,96
53,125,8,59,0.99,79,89
56,102,5,33,0.93,82,80
28,63,4,26,0.73,87,58
50,97,5,45,1.21,88,83
60,126,5,42,1.14,113,99
41,106,5,24,0.99,105,80
23,34,3,23,0.87,68,40
12,24,3,18,0.73,88,44
25,51,4,39,0.86,102,66
34,73,6,41,1.09,82,72
25,49,3,40,1.07,24,46
25,39,3,25,0.94,40,41
20,37,3,31,0.89,57,38
21,33,3,45,1.07,26,35
16,28,3,29,0.85,45,30
30,57,4,43,0.91,60,54
39,58,3,45,0.89,48,57
35,65,5,38,0.85,85,65
43,80,5,46,0.87,95,73
36,67,7,33,0.9,94,66
38,74,6,39,0.95,64,63
49,90,5,42,1,87,79
42,74,4,34,0.89,82,66
22,58,5,36,0.86,76,59
25,51,3,35,0.92,42,48
30,64,4,43,1.39,43,57
36,71,2,44,0.95,58,63
30,55,3,34,0.85,68,53
21,40,3,22,0.75,101,57
26,55,3,27,0.85,113,65
26,57,4,31,0.93,84,61
9,16,2,23,0.69,39,24
7,15,3,22,0.67,27,18
12,27,3,21,0.65,59,33
22,47,3,27,0.91,68,56
16,39,3,24,0.84,46,43
15,38,3,24,0.75,42,40
14,41,3,26,0.72,47,43
13,42,4,28,0.58,43,43
16,44,4,29,0.63,36,44
10,28,3,25,0.62,27,30
12,29,3,22,0.62,64,34
11,32,4,24,0.62,48,36
10,35,4,19,0.6,51,36
19,47,5,23,0.7,67,48
18,46,4,24,0.66,64,46
21,60,5,29,0.69,69,58
22,58,4,33,0.68,63,59
20,63,4,33,0.66,66,60
19,51,4,24,0.6,69,53
10,32,5,18,0.49,56,38
9,34,4,17,0.49,61,39
11,41,5,20,0.5,69,44
20,62,6,30,0.61,93,65
27,75,6,37,0.67,91,73
28,72,5,33,0.67,74,66
30,92,6,50,0.85,84,87
35,89,5,40,0.81,86,77
45,99,5,32,0.84,108,84
58,119,5,36,1.19,90,90
64,102,3,22,1.58,105,98
46,75,4,17,1.05,77,71
24,45,4,15,0.93,62,46
12,21,3,22,0.81,39,25
12,22,3,21,0.77,51,27
22,47,3,33,0.95,69,52
33,69,3,48,1.07,54,61
34,74,3,43,1.04,65,66
25,57,3,28,0.73,82,64
22,59,5,31,0.66,72,58
17,41,3,26,0.72,58,41
20,38,3,22,0.81,82,50
16,43,4,23,0.67,91,52
25,69,6,38,0.91,51,60
9,18,3,22,0.68,31,21
10,22,3,24,0.78,41,23
26,49,4,30,0.95,64,48
38,65,5,39,1.11,80,65
37,67,5,45,1.04,56,65
12,33,6,25,0.81,38,35
19,52,8,29,0.87,47,50
20,49,6,23,0.65,58,49
25,58,6,36,0.95,56,55
31,63,6,31,1.06,67,61
29,62,7,28,0.97,83,66
22,54,8,27,0.89,101,69
23,61,9,36,1.02,56,62
25,45,5,35,1.15,57,47
22,48,6,24,1.09,84,49
31,64,8,22,1.05,92,65
21,58,9,27,0.93,71,57
21,44,5,17,1.17,92,56
8,26,5,19,0.75,46,28
14,35,5,23,0.68,38,36
16,40,6,33,0.88,26,39
21,41,5,34,1,19,42
11,19,5,28,0.86,36,21
15,34,5,31,0.86,47,36
24,54,6,48,1.06,22,51
15,28,5,27,0.85,43,32
19,52,7,44,0.85,78,58
48,113,7,91,1.33,10,82
52,115,9,41,1.34,114,95
29,50,6,26,0.98,51,49
16,36,6,24,0.8,71,43
28,60,9,41,1.09,70,61
31,76,10,50,0.98,93,76
34,79,11,42,0.95,112,81
26,76,11,48,0.96,99,82
33,86,10,49,0.95,96,83
34,90,11,53,0.85,100,85
66,135,15,63,1.18,80,99
52,67,7,42,1.24,58,72
24,41,6,37,0.94,51,43
35,66,8,60,1.12,20,59
49,83,7,68,1.28,39,71
33,50,6,49,1.18,40,53
33,67,8,38,1.3,48,57
37,77,6,37,1.18,42,65
31,59,6,30,1.29,51,55
14,23,4,22,1.08,52,30
14,29,4,24,0.9,64,36
20,36,7,42,0.99,37,37
32,56,9,44,1.23,23,51
39,71,8,36,1.25,48,62
9,18,4,18,0.96,43,23
6,12,4,19,0.78,46,23
8,14,4,27,0.9,21,17
22,42,8,40,1.24,17,39
32,63,8,42,1.22,26,57
52,102,9,61,1.5,62,80
65,123,8,68,1.66,53,90
37,52,6,24,1.28,33,56
14,16,5,23,0.95,22,22
5,9,5,25,0.84,34,17
13,25,6,27,0.7,38,27
20,37,6,29,0.69,36,38
12,25,6,22,0.65,61,33
12,19,5,22,0.6,54,27
15,26,5,26,0.67,53,32
20,33,5,28,0.63,33,34
19,32,5,28,0.6,49,34
43,75,9,54,1.01,43,65
34,65,8,53,0.84,58,59
61,104,9,72,1.01,58,84
101,132,9,52,1.29,66,133
66,110,12,60,1.15,52,95
40,91,14,65,0.9,47,72
48,99,9,65,0.88,56,76
71,146,13,93,1.3,46,101
61,117,13,79,1.21,58,88
48,103,9,40,0.83,67,84
19,69,9,50,0.59,45,60
47,110,16,72,0.97,39,82
72,138,15,94,1.32,38,101
86,154,14,102,1.37,48,115
124,174,15,75,1.38,71,164
88,102,10,44,1.1,76,119
37,81,17,56,0.88,55,67
65,117,18,80,1.2,46,91
103,167,13,105,1.46,27,137
140,205,15,103,1.62,41,184
89,139,17,72,1.38,79,121
78,134,15,62,1.16,38,115
30,90,9,38,0.67,39,72
52,72,6,50,0.95,16,73
54,58,5,50,1.05,16,75
64,91,8,59,1.31,10,87
98,138,14,77,1.66,19,130
91,114,13,64,1.37,26,120
80,81,4,45,1.21,11,107
50,81,6,38,0.94,31,76
51,73,9,43,0.94,17,71
56,71,10,43,0.75,36,77
66,95,10,59,0.87,18,90
62,108,11,49,0.8,25,100
44,116,12,66,0.8,26,84
60,128,13,78,1.07,22,90
63,121,17,81,1.06,24,88
83,134,14,89,1.28,22,111
91,149,20,88,1.54,29,123
104,145,16,85,1.5,19,137
122,123,8,43,1.27,37,161
41,36,3,33,0.89,9,58
53,63,5,37,0.9,14,73
66,85,7,53,0.99,20,90
81,109,10,64,1.29,13,109
175,170,8,53,1.43,39,220
162,88,13,62,1.69,44,206
132,160,21,83,1.71,11,176
102,130,16,71,1.26,15,136
85,109,15,51,1.08,38,116
67,120,13,69,1.09,29,93
73,145,16,73,1.25,26,112
54,121,18,76,1.29,21,87
65,107,18,65,1.07,12,91
72,80,8,45,0.92,10,98
44,12,3,33,0.77,14,63
56,29,3,31,0.96,14,78
91,78,7,31,0.98,45,121
67,84,10,54,0.94,36,92
76,116,12,76,1.14,24,103
85,137,14,85,1.35,21,114
83,125,17,81,1.11,24,111
97,153,17,99,1.34,21,128
83,129,28,92,1.36,21,112
123,187,23,101,1.38,7,161
134,173,16,77,1.35,31,174
56,118,19,76,1.04,24,89
83,156,29,94,1.41,20,113
107,160,29,85,1.38,15,141
126,112,17,67,1.36,10,167
142,150,8,65,1.35,16,184
142,208,16,65,1.46,32,185
127,201,17,80,1.8,28,170
88,164,18,73,1.41,30,120
127,169,13,70,1.6,13,163
90,36,4,39,1.64,11,117
35,7,3,26,0.99,26,50
78,38,4,31,1.12,25,105
72,5,3,32,1.11,31,97
123,3,5,30,1.38,54,164
73,36,6,39,0.97,48,103
49,76,8,59,0.98,30,73
53,84,9,63,1.05,30,81
45,96,14,63,0.89,35,75
76,101,16,62,1.03,31,102
67,97,24,73,1.2,15,91
72,113,18,74,1.14,23,98
93,150,27,86,1.53,4,124
125,101,10,66,1.24,14,167
114,99,11,50,1.13,39,152
146,81,6,51,1.28,24,191
163,3,4,50,1.47,13,214
176,62,9,66,2.21,7,227
131,84,7,69,1.97,10,173
86,82,8,57,1.37,25,115
117,71,5,40,1.44,16,155
50,5,2,30,0.85,12,69
34,4,3,24,0.69,44,49
39,22,4,24,0.73,49,56
49,12,4,19,0.68,65,69
57,11,4,17,0.67,68,78
79,73,8,37,0.92,68,106
75,85,13,73,1.11,44,101
65,84,12,53,0.79,60,88
78,127,20,84,1.32,23,104
56,110,14,58,0.77,40,88
26,81,9,33,0.49,51,66
34,70,14,50,0.73,41,61
54,97,12,67,0.83,33,78
69,112,16,85,1.07,28,93
88,131,22,99,1.3,18,118
88,121,17,77,1.16,46,118
96,143,26,96,1.55,23,128
130,152,13,53,1.21,58,171
111,185,12,64,1.21,50,155
36,105,13,51,0.92,59,79
62,125,13,64,1.08,56,89
86,146,20,74,1.47,27,114
89,105,6,30,1.04,41,118
100,119,7,25,1.02,44,133
80,83,8,24,1.28,57,107
90,75,4,20,1.05,57,120
43,33,3,19,0.78,35,60
19,15,2,21,0.75,32,28
64,63,2,20,1.01,48,88
86,89,4,33,1.2,62,115
55,63,9,34,1.16,59,80
49,96,13,41,1.14,43,74
82,121,6,43,1.02,43,110
75,87,10,55,1.2,44,101
30,37,9,53,1.19,19,44
34,43,4,34,0.91,57,51
54,65,8,46,1.24,36,75
56,56,6,42,1.35,35,77
62,74,7,48,1.66,26,85
38,47,8,39,1.55,17,53
23,32,4,24,0.82,53,35
31,40,6,37,0.77,42,45
27,21,3,26,0.65,46,40
43,44,4,40,0.71,45,60
53,79,7,55,0.84,49,78
51,93,14,61,1.01,50,80
48,107,20,77,1.12,38,80
52,113,12,76,1.14,46,82
66,123,13,80,1.14,39,92
51,69,8,44,0.98,47,72
44,70,7,45,1.03,43,67
27,51,4,31,0.67,48,49
38,50,8,41,1.01,30,55
22,21,2,28,0.86,36,36
45,32,2,29,0.98,35,64
43,47,2,30,0.81,67,60
41,71,6,59,0.67,49,65
64,111,7,85,1.06,29,90
58,129,14,76,1.25,45,96
50,120,14,65,1.01,40,86
46,87,10,54,0.9,46,71
44,87,5,55,0.89,58,72
42,92,7,68,0.87,57,75
49,118,10,74,1.06,60,86
58,139,19,92,1.34,35,95
88,146,8,50,1.25,87,118
78,141,6,70,1.15,77,113
93,175,9,100,1.61,53,124
60,107,7,56,1.17,71,88
50,108,11,52,1.23,62,81
46,191,6,29,0.85,43,121
25,32,2,21,0.76,41,38
25,32,2,21,0.76,41,38
32,141,3,21,0.63,67,95
25,127,6,33,0.57,77,89
37,136,7,51,0.64,68,94
43,131,11,62,0.87,64,92
54,139,10,61,0.89,86,98
68,157,9,79,1.22,48,104
59,86,5,43,1.25,38,81
23,35,2,26,0.77,39,41
23,58,3,24,0.68,66,53
62,404,5,49,0.78,54,315
70,373,7,63,0.81,59,246
57,230,8,58,0.84,74,141
58,171,13,50,1.01,90,112
48,132,16,52,0.93,93,93
55,122,15,45,0.93,96,88
39,62,4,30,0.9,60,58
34,60,8,35,1.13,25,52
20,30,2,18,0.81,45,34
42,62,2,21,0.77,71,59
42,69,7,33,0.98,90,62
47,76,7,39,0.96,90,67
56,81,5,47,1.08,82,85
53,85,7,57,1.24,73,85
46,77,5,52,1.15,48,67
33,61,4,39,1.15,57,57
24,43,4,35,0.87,73,47
51,98,3,24,0.96,102,82
27,87,10,53,0.9,89,74
34,83,13,58,0.87,73,68
35,52,4,27,0.87,59,56
13,24,2,22,0.77,54,31
11,24,2,18,0.64,98,51
20,44,5,37,0.71,74,48
33,87,9,55,0.96,89,83
39,76,13,49,1,107,69
68,78,7,53,1.37,38,92
38,54,3,26,1.01,75,65
38,66,5,42,0.85,83,79
39,81,6,48,0.97,58,67
25,63,4,27,0.65,70,57
22,63,4,22,0.62,86,58
25,68,5,29,0.74,87,62
24,51,4,43,0.99,61,48
21,41,4,28,0.94,87,46
22,38,4,29,1.08,45,40
18,34,3,28,1.05,24,35
23,64,2,19,0.74,46,51
52,158,5,28,0.79,80,105
43,90,5,38,1.03,75,71
40,69,5,33,1.04,72,69
12,24,3,17,0.99,69,35
62,215,4,24,0.63,84,140
44,155,7,56,0.69,61,104
56,178,12,79,1.04,61,115
44,93,6,50,0.99,53,73
30,53,4,39,0.9,81,55
41,72,6,47,1.11,84,79
26,45,5,41,0.82,111,63
40,67,5,36,0.83,123,83
47,81,6,46,0.9,97,74
56,82,5,40,0.93,79,77
47,81,5,44,1.02,102,92
33,66,10,47,1.12,97,79
23,43,6,33,0.9,44,44
28,49,3,22,0.89,79,52
26,51,4,26,0.9,126,75
29,66,6,51,0.83,110,80
37,91,8,62,0.91,93,90
28,55,6,26,0.72,111,69
29,60,11,42,1,107,78
38,79,12,47,0.99,126,98
46,83,10,33,0.98,190,128
47,83,11,32,0.99,179,120
46,78,11,32,1.03,152,100
37,53,5,25,0.93,68,59
18,31,4,26,0.77,66,42
32,54,6,34,0.92,91,71
24,37,4,32,0.96,67,43
25,42,5,30,0.98,95,61
26,48,5,26,0.99,71,55
16,35,3,26,0.78,66,46
14,38,4,20,0.61,69,44
17,40,5,18,0.59,79,47
21,42,5,28,0.78,56,44
28,53,4,39,0.95,57,54
20,42,4,39,0.87,39,43
21,34,4,23,0.91,84,46
31,48,3,36,1.04,60,49
35,56,3,42,1.13,50,54
27,45,3,31,0.96,56,49
13,23,2,23,0.84,44,27
19,31,3,14,0.71,56,37
7,15,3,13,0.56,36,20
16,28,3,24,0.79,34,29
14,25,3,28,0.78,48,28
33,60,5,42,1.03,73,62
32,50,4,23,0.87,67,51
19,43,5,25,0.74,45,44
15,31,3,21,0.61,65,37
23,49,4,32,0.7,64,53
23,48,6,26,0.69,66,52
31,59,8,28,0.79,81,62
30,59,8,27,0.77,91,66
28,55,8,24,0.67,89,60
23,50,8,27,0.71,74,55
26,56,9,35,0.76,87,67
33,69,8,36,0.76,93,78
33,58,7,23,0.82,89,63
21,43,6,26,0.7,75,48
34,68,5,37,0.77,88,73
21,46,5,28,0.65,72,54
20,45,5,23,0.66,78,54
19,50,8,31,0.83,56,51
19,40,8,28,0.88,57,47
22,49,10,30,1,79,60
22,52,6,31,0.87,95,74
23,49,8,36,0.94,79,56
31,58,8,40,1.09,93,80
31,61,6,33,0.95,100,75
21,37,6,29,1.02,81,51
21,38,5,28,0.87,78,48
25,42,5,27,0.85,101,61
31,54,5,33,1.08,97,67
29,48,5,34,0.99,115,78
34,59,5,40,0.98,106,71
36,60,6,42,1.06,107,86
37,64,6,39,0.98,110,79
43,70,6,37,1,146,105
47,75,7,30,1.03,139,104
19,30,4,15,0.72,69,41
15,31,5,24,0.83,66,35
24,38,4,16,0.82,93,48
17,35,4,12,0.72,89,47
21,33,3,14,0.71,68,37
20,31,4,20,0.77,72,38
18,28,4,24,0.77,70,38
10,18,4,21,0.68,63,32
15,28,6,22,0.73,96,49
22,38,5,20,0.81,102,59
43,60,5,16,0.97,122,69
26,47,7,21,0.88,146,81
20,32,5,17,0.75,76,43
22,42,6,26,0.99,84,53
19,34,6,26,0.86,70,41
19,31,4,30,0.76,74,41
24,38,4,35,0.82,72,53
25,67,9,53,1.1,97,78
38,90,13,54,1.05,99,89
31,47,5,36,1,75,48
13,40,5,24,0.63,61,42
12,33,7,28,0.64,85,48
25,48,11,41,0.99,95,63
31,55,9,41,0.86,87,55
35,54,9,42,0.98,82,63
48,79,11,55,1.07,77,69
49,77,8,44,1.01,66,72
26,44,7,32,0.89,85,60
28,42,6,21,0.8,88,51
40,58,5,16,0.87,93,58
26,39,6,18,0.91,65,43
17,29,6,30,0.93,45,34
19,37,5,29,0.76,53,42
17,36,5,27,1.08,47,41
16,26,5,24,0.94,67,38
23,58,7,53,0.86,44,54
47,101,15,69,1.42,75,85
43,77,10,45,1.02,90,75
35,56,9,31,0.9,102,58
21,29,5,29,0.71,53,35
21,36,7,32,0.76,61,40
26,44,6,32,0.73,86,55
31,65,8,55,0.88,63,61
39,97,10,64,0.98,62,75
15,46,9,27,0.62,77,48
23,49,10,42,0.81,75,54
31,55,13,50,0.87,83,62
33,61,12,44,0.84,102,74
37,60,12,37,0.81,118,74
61,97,13,70,0.96,99,97
66,112,16,77,1.15,100,103
70,109,13,59,1.08,100,95
66,82,8,40,0.98,68,89
27,73,12,43,0.83,78,65
26,58,14,46,0.73,70,57
35,64,14,45,0.79,94,65
50,79,16,53,1,83,70
41,49,5,33,0.85,62,59
39,48,5,34,0.83,36,57
34,49,5,40,0.93,22,50
37,57,8,42,0.89,57,58
52,74,11,43,1.08,89,74
31,56,11,43,0.84,55,54
34,43,7,42,0.79,30,49
40,46,4,37,0.76,27,57
36,50,5,37,0.76,34,52
49,79,9,67,1.07,40,72
66,105,11,63,1.35,53,90
51,69,7,55,1.02,25,72
29,61,6,46,0.77,42,57
20,56,9,44,0.6,46,52
40,80,10,64,0.75,42,67
32,73,9,71,0.75,68,64
51,106,13,89,1.14,32,80
52,99,14,88,1.08,42,76
53,96,15,61,0.97,70,81
41,69,13,44,0.81,87,63
42,63,13,44,0.79,66,60
50,82,11,56,0.92,37,70
61,80,6,33,1.07,45,85
5,9,3,22,0.82,13,13
13,13,3,20,0.71,22,20
30,25,5,28,0.77,30,44
33,49,9,50,1.04,23,50
31,40,9,52,1.01,19,45
34,36,4,28,0.64,57,48
70,74,6,47,0.94,44,94
58,69,8,48,1.12,33,80
42,50,7,44,1,20,61
45,51,4,32,0.83,32,64
44,49,5,28,0.77,44,61
37,39,4,29,0.81,12,53
28,29,4,28,0.81,23,40
52,59,8,52,1.23,19,73
42,54,8,54,1.07,19,60
71,75,7,41,1.03,42,96
84,101,12,59,1.21,40,113
64,89,8,61,1,41,88
74,96,13,74,1.23,33,100
130,153,10,82,1.52,28,172
102,137,8,83,1.73,31,135
96,124,12,89,1.75,38,127
104,182,13,89,1.56,29,138
108,143,12,74,1.57,33,141
205,223,12,53,2.04,30,256
164,192,10,53,2.09,18,215
113,126,6,46,1.8,4,150
52,59,4,37,1.75,20,72
52,117,4,28,1.15,25,88
40,74,5,28,0.88,8,59
13,14,4,20,0.64,25,19
40,48,4,22,0.77,27,59
20,32,5,21,0.52,33,34
37,49,8,30,0.73,22,54
58,56,5,31,0.79,13,80
98,60,6,36,0.95,15,130
136,145,13,48,1.31,30,180
106,137,13,75,1.32,20,140
84,101,13,56,1.08,25,112
106,113,10,54,1.05,17,140
132,135,9,51,1.13,30,174
98,127,13,82,1.52,25,130
88,126,15,84,1.63,15,117
67,97,21,70,1.4,8,92
42,46,5,52,0.94,13,60
53,62,7,51,0.95,10,74
40,47,5,22,0.76,30,57
31,50,7,24,0.6,40,49
32,36,4,26,0.62,33,47
46,49,7,38,0.84,24,65
44,46,5,42,0.79,23,63
58,70,6,55,1,10,80
70,81,11,48,1.22,14,95
91,91,5,44,1.18,19,122
162,125,6,44,1.4,27,209
167,139,9,53,1.83,16,213
117,107,6,42,1.39,26,154
90,87,5,37,1.2,24,120
39,40,5,42,1.53,12,55
34,31,4,34,1.08,13,48
69,55,4,40,1.16,13,93
106,101,9,57,1.69,19,141
110,120,13,66,2,15,145
84,89,6,45,1.64,11,112
111,122,5,41,1.65,19,147
48,95,9,49,1.29,21,81
96,144,9,67,1.71,13,127
98,137,7,69,1.84,13,130
94,112,6,56,1.5,10,125
140,143,9,46,1.53,37,184
143,161,14,69,1.6,26,187
112,135,12,67,1.12,38,149
78,114,12,81,1.17,31,105
80,114,16,82,1.18,38,108
131,167,13,76,1.27,33,171
149,162,12,54,1.38,23,196
69,94,14,59,0.92,24,93
133,122,7,50,1.1,20,176
93,92,5,41,1.21,12,124
45,49,4,34,1.12,9,63
54,45,4,25,1.2,44,73
79,82,6,33,1.24,62,106
56,64,9,40,1.26,31,78
71,103,9,27,1.07,47,95
112,143,11,43,1.55,29,148
109,136,9,31,1.26,37,145
69,81,8,30,1.21,28,93
106,120,4,15,1.09,30,142
16,20,4,12,0.55,48,28
32,33,4,13,0.65,40,47
53,50,4,16,0.85,44,73
72,74,4,26,0.92,36,97
41,44,5,27,0.97,20,57
59,54,4,25,0.89,23,81
30,29,4,24,0.87,23,44
42,39,4,27,1.06,21,60
66,71,5,26,0.96,30,90
74,83,6,29,0.79,47,99
48,41,4,29,0.73,30,67
65,68,5,31,0.94,30,88
92,97,6,33,0.85,24,123
80,76,4,32,0.9,37,107
44,48,5,28,0.7,65,63
53,66,7,52,0.96,26,73
59,71,8,57,1.05,25,81
74,101,11,77,1.28,19,100
118,140,13,64,1.52,26,155
38,45,4,29,0.73,51,55
35,44,5,42,0.78,29,50
27,38,5,41,0.92,19,40
43,48,4,30,0.9,40,61
49,73,5,37,0.76,69,69
50,81,10,53,1.13,48,72
37,45,5,39,0.82,43,54
41,61,8,50,0.88,56,59
35,79,7,34,0.6,77,68
59,91,11,49,0.9,58,82
73,109,9,52,0.96,60,99
72,118,10,65,0.87,70,97
61,126,9,76,0.9,52,98
44,115,9,74,0.75,51,84
62,129,14,74,0.98,38,96
47,75,6,37,0.74,64,72
44,91,10,68,0.8,57,72
48,109,13,71,0.97,40,81
50,91,11,67,1.02,35,72
48,73,7,38,0.86,62,70
49,83,12,44,1.17,52,74
38,65,8,38,1,58,60
37,90,8,33,0.97,53,71
22,44,5,26,0.67,45,44
35,56,8,43,0.73,47,52
54,93,11,56,0.91,32,76
28,50,7,34,0.7,59,49
43,91,12,57,1.08,35,72
44,71,9,56,1.28,8,65
54,77,7,56,1.94,12,76
58,95,10,59,1.68,32,82
59,121,8,44,1.13,57,90
34,59,9,37,0.93,74,57
36,89,11,56,0.95,67,74
33,57,8,53,1.08,52,55
31,48,8,38,0.86,72,50
48,85,9,61,1.02,55,70
30,50,6,32,0.8,66,52
37,73,9,53,0.94,65,68
46,93,13,60,1.13,68,79
41,86,12,47,1.08,78,73
22,39,6,21,0.83,61,42
26,33,5,18,0.67,66,42
35,46,5,29,0.78,65,52
26,52,8,38,0.91,69,56
40,79,12,53,1.11,59,66
34,78,7,41,0.86,67,65
34,67,9,41,0.84,85,68
28,48,6,28,0.75,77,52
31,70,7,47,0.87,68,65
38,87,14,51,1.23,64,71
45,74,8,32,1.15,77,68
50,91,10,29,1.21,115,82
38,50,5,21,1.02,64,55
57,73,5,34,1.56,30,78
40,60,5,37,1.35,61,58
57,93,9,61,1.77,87,88
53,102,8,53,1.53,56,80
25,54,7,26,1,42,51
24,51,8,26,0.9,62,50
20,34,4,21,0.83,46,36
12,18,4,22,0.82,42,22
38,57,5,37,0.93,65,57
28,71,6,32,0.8,84,68
24,65,10,45,0.83,91,66
44,99,11,60,0.97,97,93
46,101,13,52,1.04,92,84
37,88,14,63,1.01,54,70
27,61,7,30,0.75,88,59
20,55,9,37,0.73,75,54
25,59,8,40,0.67,89,65
32,65,10,43,0.67,102,68
38,72,10,55,0.79,88,79
44,100,9,74,1.05,90,96
64,122,10,75,1.19,65,92
57,170,7,34,0.82,68,116
66,171,6,62,1.08,25,116
28,38,4,32,1.06,19,42
41,62,4,45,1.2,26,59
37,59,4,46,1.33,51,56
39,72,4,42,1.34,66,68
23,42,4,23,0.73,61,42
22,106,6,27,0.53,90,79
43,102,7,55,0.73,51,77
59,112,7,48,0.8,82,96
49,112,8,66,0.92,96,103
50,90,10,44,0.98,89,78
32,52,3,36,0.92,43,51
10,16,3,28,0.89,73,38
19,72,4,30,0.75,85,66
19,44,5,20,0.61,112,63
23,44,7,31,0.74,94,51
27,36,4,29,0.72,88,50
41,59,5,38,0.9,86,69
41,72,5,47,0.91,90,76
27,47,4,29,0.68,92,61
31,67,4,45,0.76,83,68
36,70,6,28,0.78,121,77
33,62,5,25,0.83,88,61
10,20,3,13,0.72,105,56
21,37,6,26,1.02,118,70
28,47,5,25,0.98,97,63
39,65,3,35,1.05,88,69
42,78,3,32,0.95,99,79
34,68,6,38,0.96,91,66
31,60,7,45,0.92,153,63
36,75,10,47,0.96,116,76
17,24,4,26,0.9,63,28
15,21,4,24,0.98,56,26
22,36,5,30,1.22,51,36
20,36,5,23,1.04,61,37
37,68,7,41,0.88,114,85
45,79,8,41,1.05,112,85
45,78,7,47,1.02,101,83
30,61,5,28,0.99,69,56
13,20,4,20,0.88,72,39
17,33,4,22,0.78,87,46
23,55,5,34,0.86,97,67
37,67,7,40,1.03,136,97
38,73,8,40,0.98,107,88
35,66,6,36,0.95,69,59
37,64,4,28,0.85,75,61
24,41,4,23,0.81,71,45
27,60,6,31,0.89,108,75
22,38,6,31,1.08,60,37
15,27,5,24,0.76,86,31
30,49,5,32,0.89,91,50
25,47,7,30,0.99,94,49
19,39,6,30,0.95,83,43
28,56,5,38,1,53,52
20,32,4,26,1,56,33
20,32,4,19,0.7,78,35
25,48,5,34,0.8,109,59
33,62,5,38,0.85,89,57
29,56,4,27,0.83,74,51
17,38,4,22,0.71,57,39
16,35,4,22,0.72,77,36
19,39,4,27,0.64,58,40
18,39,5,23,0.63,78,40
26,49,5,29,0.93,91,64
25,47,6,29,1.03,79,57
23,37,4,21,0.83,90,52
29,47,4,22,0.8,95,57
14,28,4,13,0.65,57,31
19,27,4,14,0.73,84,42
44,91,7,48,1.06,96,75
47,69,7,22,1.12,118,67
50,78,9,27,1.27,130,76
45,74,12,31,1.33,142,76
35,61,11,27,1.28,143,67
27,47,7,20,1.03,85,47
20,40,6,25,0.92,62,42
14,22,5,18,0.91,62,26
31,48,7,44,0.95,63,48
35,54,10,38,1.12,88,55
22,38,9,25,0.92,85,42
25,45,9,27,0.95,96,48
28,52,12,37,1.18,102,57
24,47,9,29,0.94,102,49
26,51,9,34,0.9,119,57
38,76,13,55,1.15,108,77
44,78,14,41,1.23,143,81
43,75,13,30,1.16,146,76
38,65,13,35,0.99,140,76
46,80,12,36,1.05,147,83
44,77,12,22,1.02,150,77
25,48,9,15,0.9,106,48
35,57,9,21,1,94,54
29,49,8,20,0.75,67,49
26,47,8,22,0.83,71,46
32,48,7,24,0.85,64,48
35,71,11,34,0.99,105,64
14,43,9,27,0.62,97,43
19,44,9,28,0.66,109,45
24,53,10,28,0.68,118,51
23,54,11,37,0.71,109,51
27,60,14,58,0.82,89,59
38,84,18,85,1.02,68,68
47,96,15,86,1.1,76,76
38,76,16,64,0.93,82,66
43,75,14,65,1,97,73
49,91,13,81,1.08,93,84
43,80,16,67,1.07,101,75
34,62,15,44,0.9,124,69
34,56,11,36,0.88,102,58
44,70,13,50,1.07,98,73
51,87,14,49,1.11,118,85
32,54,6,18,0.84,60,50
15,22,7,22,0.73,24,24
7,15,5,19,0.6,53,19
11,19,6,21,0.73,61,22
22,35,9,37,0.88,56,36
40,67,8,45,1.07,42,60
20,29,6,30,0.9,44,32
34,44,6,23,1,57,49
26,35,6,26,0.95,43,38
30,58,7,23,0.85,73,54
22,46,6,23,0.67,73,45
19,31,6,26,0.68,56,33
28,43,6,26,0.62,66,45
28,45,6,43,0.88,80,48
35,53,8,60,1.02,65,55
45,66,10,71,1.08,62,65
46,73,10,76,1.12,67,69
43,65,9,44,0.93,71,60
29,45,8,41,1,59,45
31,51,8,52,0.94,66,50
22,44,6,24,0.59,48,43
20,48,7,33,0.53,32,47
30,49,8,40,0.61,31,49
31,50,8,42,0.69,43,49
40,95,8,60,0.87,38,73
51,139,12,78,1.11,42,95
59,138,12,91,1.37,43,94
59,138,12,91,1.37,43,94
53,122,11,93,1.15,47,86
61,127,12,89,1.1,53,91
69,121,10,38,0.96,105,97
77,117,7,30,1.04,73,103
62,99,11,53,1.17,68,85
46,88,10,57,0.98,64,69
43,79,8,41,0.85,88,67
53,84,14,67,1.31,77,74
62,108,12,83,1.09,54,87
59,101,10,76,0.94,54,82
52,98,13,80,1,45,77
45,78,11,51,0.91,61,66
27,58,7,43,0.72,37,54
20,54,8,58,0.63,27,51
31,71,14,73,0.86,32,60
55,116,20,100,1.32,23,83
83,118,8,52,1.13,33,113
14,67,6,26,0.47,47,55
30,94,10,53,0.73,23,72
34,87,13,63,0.77,26,68
52,109,17,81,1.03,15,79
62,133,17,91,1.25,25,93
54,116,17,96,1.28,16,83
89,137,11,51,1.15,36,119
13,26,6,20,0.56,38,26
25,30,6,31,0.78,15,36
17,19,5,25,0.68,23,25
66,89,10,39,1.1,24,90
31,58,9,43,0.81,26,55
44,55,6,39,0.72,17,62
67,80,6,42,0.95,23,91
61,92,10,63,1.2,20,86
60,101,10,89,1.24,17,82
63,106,11,93,1.32,25,87
42,78,11,66,0.83,35,65
99,114,16,70,1.09,37,130
73,107,15,79,1.15,26,98
71,110,15,87,1.08,29,96
62,104,13,94,1.04,24,85
78,134,14,109,1.45,14,104
76,133,13,88,1.31,22,108
64,111,14,70,0.85,39,88
102,156,16,103,1.37,21,135
136,182,15,67,1.36,33,181
101,147,16,64,1.48,18,133
55,84,7,43,0.9,7,77
48,62,7,41,0.96,12,67
64,76,5,34,1.03,13,86
32,45,8,41,0.86,20,47
46,66,10,50,1.04,8,64
45,61,10,55,1.03,7,63
43,51,7,40,0.7,30,60
42,60,8,40,0.87,22,61
75,92,8,47,1.48,8,101
40,54,6,34,1.1,8,57
72,88,8,42,1.23,27,96
71,105,9,65,1.2,21,96
78,111,24,80,1.5,7,104
52,67,7,51,0.97,19,72
86,108,6,52,1.25,20,114
76,112,9,48,1.14,19,105
45,75,11,57,1,8,67
78,101,6,48,0.97,6,104
98,116,6,50,1,6,130
108,134,6,53,1.23,5,143
61,95,7,42,1.34,4,85
12,24,5,43,1.57,7,28
16,20,5,36,1.36,28,27
38,47,7,35,1.09,37,54
16,19,5,33,0.79,28,25
28,29,5,31,0.8,20,41
38,41,5,36,0.75,20,54
60,78,6,60,1.25,13,82
46,61,7,48,0.95,27,65
108,121,7,39,1.22,49,143
93,99,6,38,1.13,36,123
60,58,5,26,0.83,36,81
43,45,5,34,0.79,33,61
55,62,7,47,1.01,27,75
104,112,7,48,0.97,38,137
92,116,10,75,1.38,32,122
90,101,7,49,1.17,36,120
74,81,4,27,0.92,34,99
81,89,5,23,1.13,35,108
28,39,5,15,0.54,51,41
45,51,5,12,0.79,49,62
29,31,5,9,0.55,60,41
45,47,5,10,0.83,62,63
56,60,5,15,0.7,62,77
53,56,7,20,0.71,59,73
54,59,6,27,0.77,59,75
70,78,9,33,0.96,68,94
65,73,10,34,1.03,67,89
64,69,7,34,0.85,49,87
73,79,8,29,1.03,62,98
64,73,9,35,0.92,61,87
94,100,9,33,1.21,60,125
40,52,5,14,0.78,49,54
18,19,5,11,0.56,43,26
23,25,5,16,0.7,43,33
30,34,5,19,0.76,53,44
42,44,7,27,1,45,59
28,32,6,16,0.96,42,40
26,31,7,23,0.98,31,38
24,31,9,23,1.23,32,35
27,34,7,17,1.19,34,39
15,26,4,10,0.8,52,28
10,21,5,11,0.6,59,23
14,22,5,17,0.58,62,26
22,25,8,22,0.71,65,33
29,33,11,21,0.84,70,42
41,48,10,29,1.03,57,58
48,51,7,20,0.85,61,67
43,55,9,20,1,64,61
34,68,12,22,0.93,78,59
41,57,11,18,1.07,79,58
72,87,7,21,1.19,63,97
46,56,5,14,1.23,48,64
32,44,6,16,0.94,48,46
7,10,4,12,0.66,28,12
16,16,5,18,0.95,58,24
28,37,5,14,0.94,63,42
25,36,6,15,0.93,62,39
22,26,5,17,0.77,52,32
31,39,8,21,0.97,70,45
50,59,9,21,0.9,86,70
41,49,10,17,0.94,67,58
34,42,8,19,1.11,69,49
27,31,8,20,1.18,55,39
43,49,5,14,1.03,73,61
31,50,6,18,0.9,73,52
36,70,11,27,1.07,70,61
47,63,16,30,1.35,59,66
56,83,7,26,1.1,51,77
47,78,6,18,0.91,73,73
27,81,7,25,0.73,81,66
43,85,11,31,1.05,74,68
47,78,10,29,1.01,79,69
48,77,9,19,0.89,88,71
32,66,8,26,0.87,84,57
31,92,14,23,0.93,97,70
44,65,16,30,1.34,60,63
57,84,7,16,1.11,73,79
43,74,11,23,1.11,96,65
37,57,13,23,1.06,72,56
31,42,10,21,1.1,42,45
24,36,8,20,1.04,46,39
8,15,5,15,0.59,49,19
10,14,6,17,0.68,64,22
10,12,5,15,0.59,62,20
14,18,5,16,0.61,58,22
24,30,6,22,0.62,45,35
25,34,6,26,0.73,50,40
36,41,6,21,0.74,58,51
46,68,7,24,0.74,80,65
44,66,8,28,0.8,88,62
49,74,9,30,0.83,110,68
29,63,11,32,0.85,95,56
40,64,10,40,0.93,90,58
35,62,9,54,0.84,74,57
36,64,9,53,0.75,83,59
48,73,7,26,0.76,52,69
17,23,5,16,0.54,60,27
31,43,7,27,0.56,87,48
27,45,8,43,0.58,81,46
26,55,14,45,0.64,78,51
27,49,14,42,0.7,78,48
42,71,16,36,0.85,95,62
34,99,11,22,0.66,103,75
35,58,6,22,0.8,79,54
21,26,5,18,0.73,108,38
40,48,7,44,0.98,61,56
28,46,7,29,0.65,54,46
35,61,11,40,0.77,70,56
40,74,10,39,0.68,92,63
24,53,8,36,0.48,78,50
23,48,8,34,0.5,91,48
28,57,8,45,0.55,75,53
30,66,9,43,0.6,85,58
29,62,12,41,0.76,99,57
40,87,15,64,0.86,87,72
46,82,10,44,0.85,84,70
50,64,7,24,0.87,93,69
41,70,7,33,0.81,75,62
34,56,7,33,0.73,89,53
40,78,8,49,0.87,69,63
28,41,5,15,0.75,69,44
30,51,8,26,1.11,56,49
34,50,8,29,1.25,65,51
16,28,5,20,0.98,50,32
16,26,6,15,0.73,79,28
14,29,6,20,0.57,73,32
25,80,8,48,0.62,73,65
29,80,9,46,0.53,75,65
46,105,14,57,0.91,92,77
54,67,8,37,1.01,59,74
54,74,7,44,1.14,55,75
27,45,6,39,0.9,63,48
33,51,6,37,0.76,72,50
27,78,7,27,0.61,84,65
30,78,12,43,0.77,103,72
42,87,14,48,0.91,95,70
31,52,8,34,0.78,81,50
32,60,8,52,0.75,92,64
38,74,7,51,0.68,104,73
46,94,8,50,0.78,108,76
36,53,6,25,0.73,87,53
30,41,6,25,0.59,95,48
30,59,7,34,0.63,103,62
41,77,7,36,0.7,92,64
43,65,6,37,0.95,61,61
26,39,7,22,0.76,73,43
31,54,8,45,0.9,64,52
36,59,7,35,0.93,83,58
29,45,5,24,0.76,74,46
22,39,6,27,0.75,92,41
22,35,5,20,0.59,85,40
21,41,6,26,0.72,75,42
18,36,8,24,0.78,85,40
21,40,8,19,0.75,96,41
20,44,8,19,0.73,101,46
21,37,6,20,0.82,72,37
25,34,4,20,0.78,61,39
23,32,4,21,0.71,72,36
16,33,4,29,0.74,56,35
13,17,4,25,0.68,38,21
14,18,4,27,0.87,39,23
23,32,4,25,0.87,63,36
15,28,4,23,0.79,59,32
12,25,4,17,0.57,67,29
8,11,4,21,0.78,69,23
22,33,5,29,0.86,76,36
16,20,5,22,0.82,68,26
12,14,5,23,0.85,42,19
14,18,5,33,0.9,20,23
13,17,5,28,0.76,41,21
25,34,5,37,0.75,75,40
35,55,6,39,0.96,95,64
19,30,5,23,0.8,67,33
13,22,5,29,0.61,35,22
17,28,4,28,0.8,25,28
11,13,4,24,0.6,55,21
18,26,5,37,0.69,80,35
29,46,5,31,0.81,91,47
27,36,6,27,1,66,43
14,20,5,24,0.65,80,28
14,20,5,32,0.75,63,28
11,13,5,26,0.84,28,19
6,8,5,21,0.57,54,17
8,12,5,20,0.62,66,23
11,11,4,21,0.73,48,19
27,33,5,30,0.84,84,42
39,55,5,33,0.99,83,57
18,28,5,20,0.8,45,30
9,17,5,17,0.53,45,19
11,16,5,17,0.51,77,25
18,31,7,28,0.77,73,32
12,17,5,20,0.6,47,20
21,34,6,29,0.95,33,35
33,52,7,39,1.17,61,49
25,41,5,21,0.89,44,42
18,21,4,16,0.61,83,36
52,65,5,27,0.82,102,74
36,56,7,30,1.03,67,55
24,40,6,19,0.7,82,43
22,39,6,25,0.61,78,42
29,47,7,22,1.03,84,49
25,44,7,26,0.95,78,42
17,31,6,25,0.73,32,32
11,17,4,27,0.79,51,21
16,24,5,25,0.78,59,27
23,39,6,30,0.93,79,45
28,45,6,29,0.9,66,45
22,41,5,25,0.76,65,42
20,45,7,31,0.76,62,45
18,40,5,27,0.55,64,41
14,36,5,27,0.5,58,39
33,61,7,41,0.88,87,61
32,66,5,41,0.71,62,57
10,23,5,17,0.5,58,28
8,24,5,17,0.47,53,25
13,30,5,20,0.49,59,31
15,25,4,18,0.59,66,30
10,21,4,20,0.58,65,26
21,36,5,24,0.85,63,37
19,38,5,20,0.77,54,38
10,23,6,19,0.49,57,27
8,22,5,17,0.45,62,26
10,27,5,19,0.48,70,31
12,35,6,22,0.51,66,38
17,38,7,32,0.73,60,39
25,47,11,35,0.92,80,48
29,59,7,32,0.7,62,52
20,39,7,24,0.85,60,39
15,23,5,16,0.79,64,27
27,44,6,26,0.91,89,50
26,47,6,26,0.68,82,46
23,43,5,23,0.53,75,44
15,32,6,19,0.64,86,34
20,39,6,22,0.58,93,42
27,51,7,33,0.7,126,59
32,63,8,43,0.82,103,66
25,51,9,34,0.78,107,57
32,57,8,29,0.9,119,65
37,64,6,25,0.84,126,60
27,55,7,20,0.66,122,54
31,59,8,25,0.75,127,59
25,60,9,47,0.7,110,61
25,64,8,44,0.62,86,56
29,51,8,27,0.72,131,60
38,66,10,37,0.88,119,68
34,56,9,29,0.7,108,60
35,58,6,31,0.72,137,69
49,86,11,53,1,99,75
23,35,5,26,0.71,86,38
25,36,5,21,0.68,92,38
28,48,7,26,0.8,100,48
37,56,8,34,1.01,98,54
31,44,5,29,0.88,73,46
12,20,5,27,0.84,59,25
14,24,5,35,0.92,45,26
13,23,5,25,0.72,83,30
27,42,6,38,0.93,84,42
27,47,6,54,0.99,32,45
18,29,7,33,0.92,55,31
12,18,5,24,0.85,68,22
10,14,5,22,0.67,68,22
28,38,5,36,0.78,65,41
48,71,6,58,1.09,46,67
48,90,7,84,1.27,18,71
45,72,6,45,0.91,64,65
36,61,6,41,0.92,109,59
42,74,7,51,0.98,86,66
39,55,5,38,0.91,57,55
33,60,6,40,0.84,75,55
31,57,9,43,0.87,90,56
46,68,7,43,1.08,52,66
4,8,5,19,0.92,38,13
18,28,5,18,0.74,44,30
14,44,7,25,0.65,38,44
23,37,5,28,0.77,25,38
25,37,6,35,0.81,25,38
27,48,7,40,0.9,63,47
30,56,8,61,0.93,56,51
37,72,7,68,0.9,59,61
37,73,7,65,0.97,61,61
41,74,7,32,0.78,78,64
48,79,8,36,0.95,77,70
40,65,6,34,0.85,42,58
18,27,5,27,0.94,30,29
8,13,5,19,0.64,64,21
33,46,6,33,0.76,52,47
52,85,7,61,1.01,32,72
38,69,7,55,0.9,47,60
50,80,8,66,1.09,38,71
24,40,6,35,0.65,49,40
35,83,9,65,0.97,40,66
50,141,13,65,1.1,79,95
37,114,14,61,0.89,43,82
33,79,13,63,0.9,37,64
51,117,12,86,1.16,41,84
49,102,10,69,1.01,68,76
55,98,8,37,0.91,48,80
56,97,8,56,1.08,36,77
55,92,8,61,1,50,76
38,57,6,40,0.8,57,56
29,47,5,40,0.71,35,46
36,83,9,46,0.74,59,67
35,80,13,47,0.82,55,65
25,64,13,55,0.68,36,56
36,80,16,72,0.89,38,65
42,84,11,71,0.73,41,67
53,107,10,82,0.89,35,79
34,91,11,66,0.72,47,70
51,112,15,77,1.04,53,81
54,130,17,85,1.04,51,90
32,76,14,62,0.75,58,61
44,86,15,80,1,43,68
45,95,12,78,0.96,41,72
36,69,10,70,0.73,51,60
47,88,10,77,0.9,44,70
53,92,11,72,0.96,35,73
46,64,7,36,0.9,44,65
23,39,6,29,0.77,30,38
21,34,6,39,0.83,24,35
38,54,8,30,0.88,42,56
13,20,5,24,0.6,26,22
23,28,5,20,0.68,37,34
23,28,5,26,0.78,19,35
18,20,5,29,0.68,14,26
14,16,5,28,0.63,10,22
33,36,5,26,0.6,34,48
69,86,7,36,0.85,37,93
79,94,7,44,1,21,105
59,80,8,48,0.96,18,80
55,82,10,59,1.12,27,76
68,87,9,51,1.02,24,92
47,60,5,31,0.74,33,65
79,95,7,31,0.86,50,106
65,83,9,44,0.83,47,88
53,78,10,71,0.9,28,73
71,102,11,73,1.13,12,95
45,49,5,34,0.62,43,63
81,94,7,48,0.96,18,108
84,105,8,50,1.2,5,112
81,99,8,57,1.06,12,107
108,142,9,76,1.3,7,142
101,138,12,82,1.53,12,133
62,110,7,53,0.8,28,96
23,41,6,26,0.45,39,42
34,52,14,47,0.72,19,52
41,69,11,58,0.73,14,64
56,89,13,65,0.83,9,78
64,85,11,58,0.77,22,87
116,125,18,59,0.97,35,154
102,125,15,82,1.1,29,134
94,137,15,111,1.46,19,124
91,130,19,96,1.31,26,120
89,135,16,105,1.3,13,117
99,136,13,73,1.12,46,131
95,125,15,79,1.11,42,125
171,214,15,125,1.75,10,220
167,203,20,100,1.58,30,215
135,170,15,80,1.58,44,183
61,68,5,28,1.12,36,84
27,43,6,23,0.55,44,47
17,34,8,37,0.54,42,34
39,54,7,55,0.64,25,58
64,87,12,68,1.15,22,87
69,88,9,68,0.8,17,93
113,131,14,73,1.32,25,149
158,155,6,45,1.22,22,203
93,106,7,42,1.15,19,124
22,85,7,25,0.51,46,68
23,54,8,43,0.58,33,52
41,74,9,61,0.68,23,63
46,86,10,56,0.8,33,69
33,80,11,42,0.68,28,63
41,109,10,56,0.6,34,80
55,101,12,76,0.99,29,78
68,128,18,88,1.4,22,96
82,172,17,68,1.17,38,116
68,194,10,34,0.73,42,122
48,103,9,38,0.61,39,76
46,96,11,54,0.7,38,73
56,106,17,67,0.99,39,79
61,103,15,83,1.21,16,84
89,105,8,68,1.12,5,117
90,104,7,54,1,18,119
114,107,6,44,1.26,28,151
40,49,7,36,1.05,39,56
80,74,6,32,1.15,33,109
122,125,7,46,1.33,33,161
103,115,6,56,1.36,15,137
64,119,7,47,1.03,31,105
40,153,9,51,0.74,30,100
51,129,14,72,1.04,13,89
68,128,10,69,1.28,6,93
55,70,6,53,0.92,15,76
56,78,7,55,1.34,22,77
74,90,7,59,1.11,23,99
75,99,7,50,0.99,45,101
55,64,5,29,0.71,58,75
36,42,5,33,0.71,52,51
57,72,6,55,1.18,12,78
61,98,6,23,0.8,61,83
44,57,7,35,0.82,49,62
59,74,9,48,1.03,28,81
57,70,7,29,0.93,55,78
80,95,7,25,0.9,50,107
61,78,8,32,0.82,41,83
59,69,9,26,0.73,50,80
86,102,7,25,1,49,114
51,73,8,20,0.73,67,74
40,68,9,30,0.72,65,62
51,74,9,35,0.82,72,71
40,63,10,37,0.69,67,58
28,43,8,36,0.55,72,44
36,53,8,46,0.67,65,53
59,92,13,63,1.09,66,81
68,128,17,36,1.14,88,96
35,60,8,26,0.7,54,56
19,23,5,19,0.61,33,29
18,17,5,18,0.61,45,29
53,53,6,33,0.9,35,73
39,43,6,39,0.91,12,55
10,16,5,22,0.74,34,17
26,33,8,31,0.82,56,38
40,51,10,43,0.78,38,57
38,56,7,43,0.85,44,56
31,39,6,39,0.93,28,46
24,31,4,26,0.64,30,36
54,78,6,34,0.73,23,74
68,78,6,48,0.91,18,91
41,48,5,35,0.59,41,58
31,44,7,49,0.79,26,47
23,30,5,41,0.79,33,35
33,48,6,51,1.01,37,49
35,58,9,56,1.09,38,54
41,71,9,50,0.94,56,62
49,73,9,62,1.34,13,69
45,66,5,27,0.93,49,67
50,155,6,32,1.02,42,103
25,51,5,30,0.76,26,47
20,26,5,26,0.56,38,30
49,72,6,26,0.73,59,71
45,180,8,26,0.59,59,115
28,92,9,46,0.63,54,71
37,101,11,63,0.71,37,76
35,89,7,55,0.6,53,69
38,97,13,53,0.79,72,74
42,77,11,57,0.94,53,65
29,38,5,28,0.65,68,42
30,57,6,42,0.75,61,53
43,93,12,54,1.08,55,72
65,154,7,41,1.09,48,104
23,45,5,31,0.82,36,43
12,22,5,25,0.55,32,22
14,19,5,26,0.56,35,21
26,34,5,21,0.57,56,38
20,37,6,20,0.59,69,37
23,48,10,35,0.61,61,47
37,63,13,60,1.03,40,57
33,49,6,43,0.81,62,48
31,42,6,29,0.71,85,49
36,60,9,51,0.77,84,59
36,77,10,77,0.79,47,63
44,68,9,57,0.89,36,63
40,57,6,43,0.8,63,58
54,83,8,64,0.99,53,75
53,76,6,33,0.86,71,73
52,77,8,43,1,72,72
57,120,8,75,0.95,48,90
45,184,8,43,0.61,62,117
29,100,10,42,0.59,65,75
35,88,12,55,0.7,60,69
50,102,13,52,1.15,60,77
40,59,5,35,0.94,37,59
17,28,5,26,0.83,53,29
19,33,6,25,0.83,73,33
37,51,6,22,0.82,60,53
23,36,5,18,0.63,65,37
28,45,5,26,0.63,50,45
37,57,7,45,0.82,51,55
37,91,8,58,0.83,50,71
27,78,7,41,0.55,77,64
27,62,7,33,0.63,91,56
31,80,10,39,0.75,104,70
34,92,11,37,0.84,114,79
32,69,9,31,0.94,92,59
28,61,6,19,0.67,91,50
45,132,9,51,0.86,85,91
42,112,8,47,0.77,70,81
41,89,6,37,0.79,75,70
37,82,6,49,0.76,66,65
28,60,6,43,0.82,83,56
25,51,6,31,0.87,65,46
24,36,5,18,0.82,63,40
43,65,5,34,1.22,58,62
32,58,6,41,1.12,46,52
20,37,5,31,1,54,38
15,26,4,28,0.82,57,30
6,18,4,12,0.56,64,21
13,26,4,20,0.45,79,30
33,47,7,32,0.56,65,49
40,60,5,50,0.71,37,58
26,48,6,38,0.58,64,47
44,75,7,60,0.97,51,64
31,55,7,40,0.73,59,51
20,38,5,25,0.65,59,39
24,69,6,39,0.52,66,57
38,103,7,54,0.6,57,77
23,42,4,30,0.58,59,40
16,28,5,27,0.55,48,29
18,37,6,34,0.66,51,37
19,38,6,28,0.6,62,39
22,46,6,34,0.6,78,45
32,69,8,44,0.83,76,61
32,65,8,43,0.77,87,59
38,74,7,41,0.92,96,67
21,42,5,24,0.69,89,41
17,40,7,31,0.56,86,40
19,50,8,39,0.64,93,51
25,59,9,41,0.76,118,67
27,53,11,30,0.77,120,55
34,60,12,46,0.96,85,60
37,68,11,48,0.99,95,68
32,50,5,39,0.89,78,50
47,71,5,35,0.98,96,65
45,74,7,37,1.19,66,65
18,30,5,23,0.81,63,34
11,24,5,17,0.61,62,28
11,22,6,18,0.54,70,26
16,33,6,24,0.59,78,36
15,32,6,20,0.85,49,33
13,27,5,17,0.56,78,29
16,22,5,23,0.57,63,25
29,38,5,27,0.69,64,43
37,57,7,30,0.69,65,53
39,67,6,46,0.99,91,69
25,55,10,44,0.87,121,66
31,57,11,32,0.89,128,62
26,50,8,31,0.76,112,59
31,55,7,33,0.94,76,52
11,21,4,26,0.71,50,23
16,25,4,18,0.75,88,31
29,48,6,31,0.91,117,58
23,43,4,31,0.85,76,43
12,23,4,24,0.79,50,27
9,16,4,19,0.81,34,18
10,19,3,20,0.6,70,25
21,32,4,29,0.8,42,35
18,35,3,31,0.89,19,34
30,48,4,32,0.97,63,49
26,49,3,31,0.77,70,48
14,31,4,24,0.65,44,32
11,25,5,21,0.58,60,26
15,31,5,26,0.55,61,33
19,35,4,21,0.51,70,35
17,34,5,19,0.46,85,36
17,30,4,17,0.49,75,31
18,35,5,20,0.54,78,38
19,37,5,23,0.55,85,40
26,51,5,39,0.7,72,50
10,22,4,25,0.65,50,25
20,32,5,26,0.85,61,33
19,28,4,29,0.83,60,31
22,41,6,26,0.8,80,45
19,37,8,26,0.78,84,42
16,33,6,23,0.64,90,43
19,38,6,26,0.71,71,39
12,28,6,17,0.6,66,29
10,21,5,15,0.48,55,23
11,24,5,15,0.47,62,26
8,18,5,11,0.5,61,21
6,14,5,12,0.5,51,17
16,32,5,23,0.57,87,37
23,47,5,37,0.68,100,61
30,59,5,43,0.75,111,71
37,75,6,37,0.96,137,86
34,69,6,37,0.94,102,64
31,47,5,19,0.96,120,54
14,27,5,16,0.71,91,32
11,24,5,16,0.67,88,30
14,28,4,15,0.65,89,31
19,35,6,18,0.87,104,40
20,34,7,21,0.83,114,48
23,43,6,23,0.85,87,45
19,26,4,22,0.94,55,30
16,23,4,23,0.92,70,28
9,15,4,22,0.94,45,17
7,12,4,14,0.75,76,24
7,10,4,16,0.73,81,26
23,31,5,31,1.04,60,34
22,32,5,35,0.99,48,33
19,32,5,25,1.08,75,35
16,26,5,25,0.82,84,35
20,36,6,25,0.82,80,39
15,25,4,24,0.74,50,27
20,24,4,25,0.8,79,33
27,46,6,28,0.94,68,45
22,40,5,21,0.78,63,40
10,15,4,17,0.65,81,26
20,31,5,25,0.65,72,32
17,34,5,22,0.65,61,35
8,16,4,20,0.5,56,20
17,32,5,34,0.67,55,33
29,46,6,34,0.87,61,46
19,33,7,30,0.75,64,37
24,42,6,34,0.64,66,44
23,39,6,21,0.98,96,52
22,39,6,23,0.86,73,39
22,39,6,25,0.84,75,41
28,47,6,24,0.78,82,46
12,28,6,17,0.76,80,32
10,22,5,14,0.68,75,25
14,25,5,17,0.72,87,30
20,38,6,36,0.79,93,46
23,45,6,52,0.83,88,58
32,62,7,64,0.93,114,77
36,67,8,53,0.92,113,73
24,47,8,26,0.84,124,52
15,34,7,18,0.71,99,37
15,33,7,21,0.77,107,37
20,39,9,36,0.91,105,49
34,63,9,46,0.99,110,69
34,59,9,30,0.96,129,67
31,56,10,26,0.94,146,66
28,50,9,19,0.87,99,47
8,12,6,17,0.88,75,24
15,24,7,29,0.83,83,32
23,42,9,47,0.95,75,47
30,56,12,38,0.97,104,58
26,46,9,31,0.83,91,47
20,33,7,28,0.7,81,37
28,49,9,31,0.85,89,50
17,32,6,18,0.79,84,35
29,47,8,25,1,98,50
9,16,5,16,0.7,73,24
18,31,7,40,0.9,78,39
25,45,8,43,0.94,99,60
30,55,11,37,1.03,101,56
30,52,10,25,0.89,103,50
29,50,9,24,0.82,102,51
19,45,8,22,0.75,56,42
10,21,6,18,0.72,42,21
7,15,6,16,0.59,43,17
17,27,6,22,0.68,32,27
20,29,5,26,0.87,37,31
15,27,5,18,0.83,45,28
10,30,6,18,0.51,59,30
16,31,7,20,0.54,81,34
15,31,7,24,0.55,88,32
37,44,6,28,0.72,85,55
26,33,5,20,0.78,80,40
11,20,5,19,0.61,63,25
19,44,7,31,0.66,43,43
24,42,6,44,0.55,37,42
34,50,7,50,0.72,23,50
25,29,5,26,0.58,49,38
16,23,6,34,0.54,52,26
35,52,7,52,0.81,43,53
47,66,8,56,0.85,62,66
42,64,8,68,0.8,58,60
51,83,9,79,1.02,51,72
53,83,9,64,0.98,61,74
47,70,10,57,0.93,64,67
64,93,9,74,1.01,70,86
73,113,9,80,1.1,56,98
93,131,8,77,1.13,54,123
70,119,9,85,1.2,54,95
50,84,9,60,0.92,78,73
73,107,8,50,1.03,78,101
57,94,10,73,1.08,50,80
58,83,9,46,0.88,75,79
45,62,6,40,0.92,33,64
29,42,6,29,0.82,52,45
9,21,5,18,0.5,46,23
12,33,6,27,0.38,56,33
24,43,9,42,0.45,43,43
28,44,9,48,0.5,35,44
33,61,9,60,0.65,31,55
25,49,8,56,0.5,36,47
33,62,9,53,0.49,40,55
33,58,8,64,0.65,33,53
43,78,13,79,1.03,31,64
53,83,11,67,0.88,54,77
118,147,13,66,1.08,57,156
100,141,11,82,1.15,54,132
73,114,13,60,1.3,53,102
56,75,12,56,1.08,26,77
51,84,7,35,0.69,37,83
12,74,6,22,0.36,55,62
24,73,8,51,0.58,30,62
31,71,8,62,0.68,27,60
53,97,13,85,1.22,19,77
66,116,11,90,1.39,32,91
63,101,12,76,0.92,52,85
68,110,10,87,1.03,43,91
58,101,8,59,0.8,59,84
12,31,6,25,0.38,52,31
24,56,10,46,0.74,36,53
43,78,9,63,0.81,26,66
55,84,10,78,0.83,24,77
57,99,12,79,1.07,25,78
65,98,11,82,1.11,31,88
63,107,13,84,1.31,32,85
87,102,12,42,0.99,45,116
120,136,11,57,1.21,57,158
118,139,9,69,1.14,35,156
111,153,11,95,1.36,38,145
119,132,7,52,1.04,36,157
75,89,6,30,0.85,53,100
112,128,7,44,1.25,33,149
48,61,7,49,0.98,35,67
58,75,9,62,1.29,11,79
57,71,7,42,1.01,31,78
28,64,8,30,0.68,50,58
31,58,11,49,0.95,34,54
45,74,8,68,0.81,25,64
57,87,13,84,1.14,28,78
77,109,11,94,1.28,23,103
102,142,12,106,2,23,135
87,113,11,86,1.43,33,115
107,115,5,33,1.05,20,142
27,38,5,18,0.6,36,40
26,34,6,17,0.64,47,40
47,49,8,39,0.73,34,66
61,59,9,36,0.7,38,83
64,66,8,53,0.91,25,87
65,100,10,79,1.13,26,88
69,96,10,77,1,29,93
95,109,10,77,1,36,126
124,148,12,99,1.41,28,164
101,123,14,93,1.29,31,133
120,123,8,65,1.2,30,159
37,39,5,25,0.95,43,52
18,21,5,27,0.59,30,27
41,43,6,37,0.77,24,57
80,79,7,48,1.01,30,107
62,64,6,49,0.84,24,85
72,77,7,51,1.05,17,97
122,121,7,50,1.44,39,161
107,113,10,64,1.5,31,142
93,100,8,37,1.01,46,123
79,84,11,56,1.16,22,106
92,97,10,63,1.21,24,122
100,104,9,66,1.23,30,131
119,134,9,66,1.23,36,156
177,172,9,69,1.57,40,227
143,160,10,81,1.79,41,189
146,143,7,35,1.25,47,191
73,83,6,35,1.06,18,98
35,39,5,29,0.83,13,49
20,20,5,30,1.01,13,30
41,37,5,29,1.19,20,57
69,69,5,31,1.28,19,93
44,47,5,25,1.19,29,61
31,31,5,19,0.95,53,45
41,41,5,19,0.8,53,57
49,45,5,20,0.75,46,67
60,59,6,25,0.9,41,81
68,70,6,31,1.08,36,91
103,146,10,21,0.91,64,137
44,55,6,16,0.67,68,61
50,56,6,26,0.88,45,69
53,62,6,29,0.86,46,73
60,68,8,30,0.94,53,82
57,61,7,19,0.82,67,78
21,20,5,15,0.63,65,30
23,21,6,16,0.57,64,33
33,30,6,22,0.61,50,47
37,38,6,30,0.76,36,52
48,49,7,43,0.87,18,67
56,54,6,28,0.82,37,77
40,42,6,34,0.83,30,57
45,57,7,51,1.04,24,63
67,78,8,38,1.03,41,90
80,100,7,33,1,35,107
29,35,6,20,0.68,47,42
21,21,5,18,0.53,42,31
31,33,5,16,0.58,48,45
53,59,8,33,0.82,52,73
44,60,12,62,0.98,29,62
64,87,11,71,1.14,26,87
55,61,8,35,0.85,65,75
72,96,10,64,1.08,52,96
64,89,9,77,1.05,48,86
57,87,9,81,0.98,42,78
61,102,11,68,1.07,62,83
65,118,13,91,1.32,17,88
49,126,8,50,0.78,39,97
40,132,9,62,0.78,40,91
59,145,13,80,1.15,44,98
59,116,9,59,1.03,62,87
55,127,10,70,1.05,60,89
31,99,9,40,0.85,44,75
20,48,7,31,0.68,58,47
27,74,10,42,0.9,61,62
24,64,13,44,0.87,69,56
35,78,14,66,1,57,64
49,104,15,70,1.18,68,77
37,75,14,44,0.97,78,63
46,76,8,42,0.94,56,65
58,156,9,46,1.23,45,115
66,238,9,40,1.21,68,148
47,110,12,50,1.32,48,80
5,13,6,13,0.73,64,22
21,34,6,24,0.67,30,34
36,57,6,29,0.9,24,54
22,33,6,21,0.87,32,35
4,6,6,21,0.74,38,13
6,9,6,18,0.59,58,18
14,18,6,21,0.59,59,23
21,30,9,30,0.9,43,32
12,16,6,28,0.98,31,20
26,56,7,34,0.73,45,50
33,79,9,41,0.78,46,65
36,87,10,35,0.81,70,69
22,42,11,31,0.8,72,42
36,70,11,58,1.17,27,60
48,73,6,19,0.93,53,68
