ID,值,类别
6000,1.094771222966011,A
6001,0.18528056425149642,A
6002,0.058772102098239166,D
6003,0.284267705310422,D
6004,1.1333582606013302,D
6005,-0.3179979176720136,A
6006,-0.5158699780585888,C
6007,-1.5766719884950946,C
6008,-1.6475556761170367,D
6009,1.8256199055696292,B
6010,0.022362759943670943,A
6011,-0.6369251753301588,D
6012,-0.05651968811027854,B
6013,-0.6209181035675582,D
6014,-0.6508864973302145,A
6015,-0.4354672305468175,B
6016,0.9362669803774701,D
6017,0.026002370796702156,C
6018,0.18350033309371086,C
6019,0.6083979886172007,A
6020,2.0974849027563667,D
6021,-0.034546021449761606,C
6022,0.6850905275475477,A
6023,0.5245911565224084,A
6024,1.6800086654486075,A
6025,1.705096098617594,B
6026,1.0027164478332098,B
6027,0.11429073317074047,D
6028,0.3953672957746903,D
6029,-1.147780950186791,D
6030,1.337175493822319,B
6031,-1.890352005009964,A
6032,-1.178804632777712,B
6033,-0.001594661776173167,D
6034,-1.0042184203334545,B
6035,0.9852383543472588,D
6036,-0.4922881336441353,B
6037,-0.3016328915138885,C
6038,0.08970475224160057,B
6039,0.2936561173338385,D
6040,-0.06747131801984367,A
6041,1.4342933858884417,D
6042,0.8962015859686102,A
6043,0.4769454955704629,D
6044,3.922354383584011,C
6045,0.7057982834202989,C
6046,0.676555386087747,B
6047,0.321620696499749,B
6048,-0.8929665175107863,B
6049,-1.297150822064442,C
6050,0.12057665949861965,D
6051,-1.3842277731035761,B
6052,0.26572579501097854,C
6053,-0.7983534008852671,A
6054,-0.612995750127475,D
6055,-1.3610180242964394,B
6056,0.8496103037345153,D
6057,0.43625090339877576,A
6058,1.5609294703333054,B
6059,-0.986529717330928,D
6060,0.8737792255969504,B
6061,0.4200031578957073,A
6062,-0.010448066514723218,A
6063,-0.18046313189687058,C
6064,-1.7746830856901483,B
6065,0.3651965562168847,D
6066,-0.7371133030441456,D
6067,0.6145943424093646,D
6068,-0.0902364123139185,D
6069,0.2501256501121714,B
6070,-0.023314790053682186,A
6071,1.7095881291028887,D
6072,-0.2249053974585673,C
6073,-1.5844140056201703,B
6074,-1.7327635821744494,C
6075,-0.5512187605826399,B
6076,-2.744886393733844,B
6077,-2.0500317578805443,A
6078,0.15467077777683666,B
6079,-0.9377990755099873,B
6080,-1.4009857688095162,C
6081,-0.7968204203968466,C
6082,0.13461175887601873,B
6083,-0.3665350758789302,B
6084,-0.7180510087381948,B
6085,1.4225997239832378,B
6086,1.4936256845020084,A
6087,-1.255379867284052,C
6088,-0.8820935752346051,A
6089,-0.39964494669274586,D
6090,-0.5305588182277192,A
6091,-0.877205619733254,C
6092,-3.196731109344424,B
6093,1.2276931276719203,D
6094,0.5826737093491093,C
6095,-1.3866226932298529,C
6096,-0.7275831151577813,A
6097,0.47310357650411905,A
6098,-1.0063479014867505,C
6099,0.44333729842283554,B
6100,-0.216435091407667,B
6101,-1.7827465669539346,A
6102,-0.3195054035643844,C
6103,-0.35575818730892733,C
6104,-1.4990165259404618,A
6105,-0.1991779001565734,B
6106,1.0491739842839005,D
6107,-0.4504163866664047,C
6108,-0.42365647753148633,A
6109,-1.826635115710978,C
6110,-1.0037056779753655,D
6111,-1.6025744599511853,A
6112,0.17016142593941058,C
6113,-1.311612843601589,A
6114,-2.0526065950957166,B
6115,-0.08088842759935626,D
6116,0.9032413787205439,D
6117,-0.7852564925288841,D
6118,-0.15824871623349296,C
6119,-0.06593731162913676,C
6120,-1.1534217398362496,A
6121,-0.6013575381761737,A
6122,0.3903235748688,D
6123,-1.1746789223798841,B
6124,-0.6093382423801572,B
6125,1.325818246152915,D
6126,2.0695623137065384,C
6127,0.38598335114483057,B
6128,-0.3442981504610388,C
6129,0.06839048573926534,B
6130,-0.7850793582140568,C
6131,-1.0899551061166348,B
6132,0.1797905276680536,C
6133,-0.8947605605841014,C
6134,-1.4884770172555877,D
6135,0.6775371046222601,B
6136,0.211992451824614,B
6137,0.6745905275536331,D
6138,0.10495529170957561,A
6139,0.059007962497114395,B
6140,0.6014031250189525,A
6141,-0.35179266057580805,A
6142,-0.5438067309763064,A
6143,2.512165746965783,C
6144,1.8476033148118776,B
6145,2.287392029444345,A
6146,-0.3973216075135696,C
6147,1.5105109485897021,D
6148,0.1189080111865809,D
6149,0.802884722764409,D
6150,0.20826710480725233,D
6151,-0.6262688918330146,B
6152,0.931555227276891,B
6153,-1.7093908456961844,A
6154,-0.8941591291826106,D
6155,-0.8076393786072085,B
6156,-2.1283985981892264,C
6157,0.5098681963631655,C
6158,-1.9457671652119133,C
6159,-0.58341552184497,A
6160,1.352896128120001,B
6161,-0.22677342892523417,B
6162,1.1359728379532583,D
6163,1.181670188494581,B
6164,-0.2922176473545443,D
6165,-0.35077403608491614,D
6166,-0.7008134905832596,D
6167,-0.35994083262144155,C
6168,-0.889700442063085,B
6169,-1.7440560710571857,B
6170,-1.0727519425611614,D
6171,-1.3653940886058467,B
6172,1.7925977467894554,D
6173,-1.34643686926,C
6174,-1.33360713258838,D
6175,-0.261331029871926,D
6176,0.14720024203583293,A
6177,0.06055590857244155,C
6178,-0.17834548958416732,A
6179,1.783933647638606,D
6180,-1.6041403421729898,B
6181,-0.8119252971508989,A
6182,0.35395230486204643,C
6183,-0.32760705143715324,B
6184,-1.109278473638853,A
6185,-0.4195718310360036,D
6186,-0.14250306295646561,B
6187,0.7412996955793386,D
6188,-0.7902845868060809,A
6189,-0.10784960975764736,D
6190,-1.384110281375031,B
6191,0.8216597223297126,D
6192,-1.3046946925444902,D
6193,0.710813825812113,B
6194,1.5196635973618455,D
6195,-0.6955367927632373,D
6196,0.832678921587716,D
6197,-0.8000523826069471,C
6198,0.45259267728175867,A
6199,0.4455354555596106,A
6200,1.7010351526155076,B
6201,-0.14463355606939945,D
6202,0.005342463179857831,C
6203,-0.8435741541105843,C
6204,-0.5716402199081078,C
6205,-0.7787251593976633,D
6206,1.749124058514864,B
6207,0.062184975486125,C
6208,-0.5606214063890361,A
6209,1.3214062047368513,C
6210,-1.2539183867876733,D
6211,0.02857005272694546,A
6212,0.38988435532359367,B
6213,-0.17146297574270525,C
6214,1.3942884442798213,C
6215,-0.18042690387846622,A
6216,2.0640373731326798,B
6217,1.3389173286573137,C
6218,-0.8456944848013906,C
6219,0.6345956851975264,C
6220,-0.12146372927356508,A
6221,-1.670339552969702,D
6222,-0.002698704761425786,D
6223,-1.7199921190473557,C
6224,-0.17226408995145456,A
6225,1.6296319603628184,C
6226,-0.28274159257732673,C
6227,0.4143130813139352,D
6228,0.11325934811284652,A
6229,0.8188139640761722,D
6230,-0.20423720350914687,B
6231,-0.7923570700509458,D
6232,-0.26061724473939357,B
6233,1.3564905824924032,D
6234,-0.8029331482647702,C
6235,1.8859156538531143,A
6236,1.0795510225692848,D
6237,0.4406635768272698,C
6238,1.0217387578576629,B
6239,0.4968593830046197,C
6240,0.23215511617394985,B
6241,-0.5008756601338579,C
6242,0.2252805198062128,D
6243,-1.1633108695560068,A
6244,-1.574785856471448,B
6245,-1.3619199361382142,D
6246,-0.09100400627690336,A
6247,-1.6502899824839812,D
6248,0.4735614399049147,D
6249,1.0343985081542606,A
6250,-0.9559571094092646,B
6251,-1.9649936042202394,B
6252,1.2270717936674427,B
6253,-1.3115653337254831,B
6254,-0.452639040012283,D
6255,-0.693204474551097,A
6256,-1.3209981963467108,D
6257,0.26415469859714485,B
6258,1.3537838799012607,D
6259,2.3170746682906818,A
6260,0.331868696040029,C
6261,0.38798081168006626,B
6262,1.2653945124225787,C
6263,0.6488724610967361,B
6264,1.52381699294318,C
6265,0.7151416315154127,B
6266,0.4715686422866351,D
6267,0.5454362241871991,D
6268,0.5236165197822686,A
6269,-0.3795803264551299,D
6270,-0.527053768145292,C
6271,-0.5825482983811835,A
6272,-1.3421740116944825,A
6273,-0.8471970672770769,B
6274,-0.8033697033104746,B
6275,0.15077258028197968,B
6276,1.7562117435887155,B
6277,2.1588301622652524,B
6278,-0.31725415232601717,B
6279,-1.168409489701409,A
6280,2.556850946775781,A
6281,-0.9292837351350653,D
6282,-0.41088571743603947,A
6283,-0.36750863959866387,C
6284,0.6978371741461304,C
6285,1.0117049784797723,B
6286,-0.9212857130302318,D
6287,-0.8559414858551704,D
6288,-0.2156782956963419,C
6289,0.1213591794944971,A
6290,-0.6402985990954018,C
6291,1.2920861127237913,B
6292,-0.03193905814611562,D
6293,-1.1604532388802853,B
6294,1.3147089510852035,D
6295,-2.6296104383484558,A
6296,-0.6376608668080375,B
6297,-1.0372054561914934,B
6298,0.2768251214007262,A
6299,0.10447220867574,A
6300,-0.9989888521409402,A
6301,-0.2814764063990317,A
6302,0.3676513391319917,D
6303,-0.1995138743616697,D
6304,0.22945220164457306,D
6305,-0.3355401591173635,B
6306,-1.6696136442428173,C
6307,0.20846024220687034,A
6308,0.8652668605988215,A
6309,0.19827508026243154,B
6310,1.7000283977136077,D
6311,0.24289022533542373,A
6312,1.2359554422448422,D
6313,1.2741933887379242,B
6314,1.268114313527783,D
6315,0.4177099287838694,D
6316,0.5619464208725853,C
6317,0.381230618408618,C
6318,1.0314191939484663,A
6319,0.30548525039043484,C
6320,1.2690717508125327,C
6321,1.267272422661069,C
6322,-0.17353942756016721,C
6323,-0.8629817343533195,D
6324,-1.2039952305843284,A
6325,-0.5215678607009806,C
6326,-0.3110768754607198,B
6327,0.6228806130249286,D
6328,0.7812412658096327,C
6329,-1.9532669387804624,D
6330,1.1671933965874617,A
6331,-1.042497148396928,D
6332,-0.4108112413260401,A
6333,-0.04520816690379267,A
6334,-0.19291600663352826,B
6335,1.2686078428477177,A
6336,-1.1388886528302924,B
6337,-0.9745493409584135,C
6338,0.8167886311436062,B
6339,0.24959115729200781,D
6340,-0.498100064928337,C
6341,1.9728623153485376,C
6342,-1.6994564485842611,D
6343,-2.8543017126783994,C
6344,-0.5166086464728442,D
6345,1.8545332594075874,A
6346,0.6264551922202173,B
6347,-0.027308720017527575,B
6348,-0.648391784945862,B
6349,0.7172465667207124,D
6350,1.1219203319565816,D
6351,-1.0890695256195044,B
6352,0.02694559089279865,B
6353,0.4890564691548447,D
6354,-0.7642388216557249,D
6355,0.46311989530054515,C
6356,0.5408033804219744,C
6357,-0.9143096415496121,A
6358,-1.418048811369758,D
6359,0.4020708732106259,C
6360,0.32160744326361196,D
6361,-0.8235815565615492,A
6362,-0.8334142683084546,B
6363,-0.3404734611579248,B
6364,-0.6170403932492523,C
6365,0.3172120451096623,B
6366,-0.03688550618938337,A
6367,-0.46075138691219797,A
6368,1.3998359606479824,D
6369,-0.28318678979812134,D
6370,1.6386291330384735,C
6371,-0.4786785678692333,B
6372,-1.9980808741078446,D
6373,-0.10859672843095121,D
6374,-0.4449514506403422,C
6375,1.1820755214143461,D
6376,0.3259271596222962,B
6377,0.4935632074970986,C
6378,-0.3478156989075768,B
6379,0.9904019572729691,C
6380,-1.6748726130672509,B
6381,-0.23445916235952685,C
6382,0.352172542370156,A
6383,1.2728498335302443,B
6384,0.3360187039963877,D
6385,-2.06789641278025,D
6386,1.2420981022167579,A
6387,-0.4589982295330199,D
6388,0.34974957634697,A
6389,0.534761274330481,C
6390,-1.370510869258471,B
6391,-0.6029791817287844,D
6392,-0.9177847978895274,B
6393,1.2703682173800477,D
6394,-1.6209484956917661,A
6395,-0.7414219004471937,B
6396,0.042355685722817046,C
6397,-1.2060879184964886,C
6398,0.9079769779274142,A
6399,0.6081929854014019,A
6400,0.8027958975048657,B
6401,-0.1478341335314625,A
6402,-0.32736761327101516,B
6403,1.062158895908988,A
6404,0.04044182229635655,D
6405,0.7483042852379447,B
6406,1.4069934397581179,A
6407,-0.4238754527257909,B
6408,0.0417486332127631,A
6409,0.502436586654331,A
6410,1.222986210061247,C
6411,-0.12182640071363486,D
6412,0.4823007748699885,C
6413,1.5739526940246151,C
6414,0.15076448295580844,C
6415,0.5516971248732876,C
6416,1.2425948794653308,C
6417,0.4451961262243675,A
6418,0.4888272353394041,D
6419,1.3264009380192927,B
6420,0.28242036470285803,C
6421,-1.2308106980112286,D
6422,0.11643206894998791,A
6423,0.04420658897200792,B
6424,1.165420450914134,C
6425,-0.8553244535816741,C
6426,-0.5008701497081383,B
6427,-1.5553140089700275,B
6428,0.631413093548472,A
6429,0.7141892497571309,C
6430,-0.2037829794189025,D
6431,0.3448208221819363,A
6432,-1.2480469669005494,C
6433,-0.34374158584850345,A
6434,0.48022641200576927,C
6435,0.8596771269816456,B
6436,2.6002145442316627,B
6437,-0.7065587603780539,C
6438,-1.1877654187403874,B
6439,0.6700558006426665,D
6440,-0.3085014577043076,A
6441,-1.9772346260024212,B
6442,-0.0977341465301527,A
6443,-0.7629669072747637,B
6444,-0.28898435588433524,A
6445,-0.6473729366716395,A
6446,1.8304429467618086,C
6447,-1.257639804872126,C
6448,-1.0548662370581168,B
6449,0.36752359667312506,A
6450,0.378192333213859,D
6451,0.8649831073558044,A
6452,-1.2883028847992322,A
6453,0.711945246470981,B
6454,-2.8402766147439054,C
6455,-1.8659636153387422,A
6456,0.2470010768098517,B
6457,0.38423698456861477,A
6458,0.19656841412044257,D
6459,-0.5835545268087564,B
6460,1.4026310339446584,C
6461,-0.046438676519103037,B
6462,0.21324341795719473,D
6463,-0.5911141135603377,D
6464,-0.22113495703923045,D
6465,-1.4177228717930475,D
6466,-0.3232717142212986,A
6467,2.354631680742078,D
6468,-0.050420269098780536,D
6469,-0.5034602370277877,D
6470,-0.21600898255601964,C
6471,0.76646995958638,C
6472,1.7928503838414531,C
6473,-0.030874028321131373,B
6474,1.4783643803123283,A
6475,-0.9586251691830838,D
6476,-0.6121910173267977,C
6477,2.013694605151884,C
6478,0.24493195536828938,A
6479,1.8116709425174613,B
6480,0.4846538817449841,C
6481,0.11066144907612173,B
6482,-1.3954190670131876,D
6483,-0.5704321337289637,D
6484,1.6197348271116692,C
6485,-0.5391747450746046,B
6486,-0.014937886260630745,A
6487,0.3613507153044129,B
6488,-1.1631826760753923,D
6489,-1.886882064183837,D
6490,-0.45534005230500446,B
6491,0.5384614464570867,B
6492,-0.35470615404876066,A
6493,-1.0603820064962255,D
6494,0.7183966072333844,A
6495,0.7867675447757881,A
6496,0.004651585079945583,B
6497,1.9953852564506165,A
6498,-1.1852294996138353,C
6499,1.2748247313260406,C
6500,0.5000127787121093,B
6501,0.5603534494590569,A
6502,0.7643354142822053,A
6503,-0.9559700212430919,C
6504,-1.5863367534913813,B
6505,-0.6930267233883456,A
6506,-1.4963365345369941,A
6507,0.6183338022276437,C
6508,0.05402956130554173,B
6509,-1.1701731220514386,C
6510,-0.05279691652868127,C
6511,-0.5856086422693814,D
6512,-0.1477358914166628,D
6513,-0.44709954606553526,C
6514,-0.6517430683935594,C
6515,2.5094939236358993,A
6516,0.8123500034386094,A
6517,2.5273447508833713,D
6518,0.694328241759543,A
6519,0.3016704932444314,B
6520,0.3571496675116234,B
6521,-1.0824695292116764,C
6522,0.009357014968953982,D
6523,1.4779912101080912,A
6524,1.1439705966744496,B
6525,0.3251637602160512,B
6526,0.5956163867775851,A
6527,0.1641281297575628,A
6528,-0.9059153464175056,C
6529,1.4332486188738636,D
6530,1.1133196315451441,B
6531,0.8460820744633223,A
6532,-1.192709292161514,B
6533,-0.6600322198575312,C
6534,-1.194713197965978,A
6535,-1.0266888459528556,C
6536,-0.5146102418919711,B
6537,1.8685545028849668,B
6538,-1.3120340341415477,B
6539,-0.1267933245361376,A
6540,1.0261340643744246,B
6541,1.9029305265950476,A
6542,-1.085520888739903,D
6543,-1.5758717152307118,A
6544,-0.9504710836570074,C
6545,0.9546213391017283,C
6546,-0.7714367762678682,C
6547,1.3647879441853765,C
6548,0.7601182309894441,B
6549,-0.6104311136564763,D
6550,-0.29648097678032076,A
6551,-0.43737142891091774,C
6552,1.5225812098531273,A
6553,2.0568757369346526,A
6554,2.400615415307915,C
6555,-0.6256495529979842,B
6556,-0.6964688388948779,C
6557,1.9764338896676243,D
6558,-0.10761959830516714,B
6559,1.8720854885108016,C
6560,-1.0166746231545754,C
6561,1.5577621772298147,A
6562,0.3739446732552546,B
6563,-2.0625732428814683,C
6564,-2.40763339906199,D
6565,0.806895106906492,D
6566,-0.6029650893283388,B
6567,0.413355093163379,A
6568,-0.871566112625012,D
6569,-0.6302282097204395,B
6570,1.1582376902319307,C
6571,-1.2507247197329128,C
6572,-0.050632397905664005,A
6573,-0.6222397836264035,D
6574,0.35431732372875785,B
6575,0.5764875925676728,B
6576,0.48619380885881364,C
6577,0.21342817534573885,A
6578,0.6120719416885609,D
6579,-2.0272470759822037,A
6580,-0.5108241719846537,C
6581,-1.6049585164333215,A
6582,0.4748733916117565,A
6583,-0.09259222689922651,B
6584,-1.5789054646982634,C
6585,-0.692333136480968,A
6586,-0.8108710646572104,D
6587,1.9802465998971868,A
6588,-0.15557004490708645,B
6589,0.2936636732317311,B
6590,-1.267890008264906,A
6591,1.2329967786309148,D
6592,-1.9937788468592716,A
6593,0.16884889029008485,B
6594,-0.25382198153778657,C
6595,1.3216148165388755,D
6596,0.27021816246707814,A
6597,-0.32144710847879765,D
6598,1.2003188676291099,D
6599,0.6633341175635222,C
6600,-0.20750651819408966,A
6601,-0.013812083268935326,D
6602,0.26686310441022904,C
6603,1.0835868081523694,B
6604,-0.7102470488003872,B
6605,-0.13687550870424314,B
6606,0.5341287891022574,B
6607,-0.7349620460521,A
6608,-0.8201269754521581,D
6609,1.2692785055943296,D
6610,1.3492259699359936,D
6611,0.11272390547825561,D
6612,-0.6068484633998472,A
6613,-1.2238705457625783,A
6614,-1.980167665722825,B
6615,-0.4248362415029602,C
6616,0.5202981685764179,C
6617,-0.5364099991146589,C
6618,-0.03309743572850769,A
6619,-1.7744325102171177,A
6620,-0.7597430084910749,A
6621,-0.011606445716188607,D
6622,0.9034189888880177,D
6623,-0.27595188590099545,C
6624,0.689975929764198,C
6625,0.748892637624966,D
6626,1.1550084600200505,D
6627,0.9478712547903861,C
6628,-0.030536274675941562,A
6629,-0.17182319584898575,A
6630,0.6259754854082029,D
6631,0.09654505708522829,B
6632,1.2088504707090464,C
6633,0.9391827724344901,C
6634,0.057016660469495606,B
6635,1.696528971562907,D
6636,0.08633844058901585,B
6637,-1.0953066562230427,C
6638,1.0885731491120125,C
6639,-1.4590642951412767,D
6640,-1.4132600767754988,D
6641,0.8575648896960827,C
6642,0.6551440576511547,A
6643,0.04084004222319277,C
6644,-0.40954573043174164,D
6645,-0.7441136181569626,D
6646,0.46078833989601853,C
6647,-0.318355326767128,C
6648,-0.1129068614683892,C
6649,-0.21860409976233,D
6650,0.28039300494409736,A
6651,0.8950201653288429,B
6652,0.7690542385121252,A
6653,1.558543883348408,B
6654,0.9549520061346353,B
6655,-0.07970515343271703,D
6656,0.964068187410485,A
6657,0.4353766613325272,D
6658,0.14663132694250397,A
6659,0.2259788891087628,D
6660,0.3264589487530101,A
6661,-1.1685184852473633,A
6662,0.0997848703741453,A
6663,1.378855507699459,B
6664,-1.3298748419690904,B
6665,-1.6191639511154174,D
6666,0.4018293838969089,A
6667,-1.9107007266091343,A
6668,1.3111308820016674,C
6669,0.9584030700753681,B
6670,0.11693487737004918,B
6671,-0.11888045258649033,C
6672,0.3638897065716963,C
6673,-0.3311454191665768,D
6674,1.546002712592078,A
6675,1.8482635283563535,A
6676,-0.4360765819250737,D
6677,1.1521435138520613,A
6678,1.067954572887816,D
6679,0.006683399817777734,B
6680,0.05758626833215227,D
6681,-0.8637904701386631,A
6682,-0.6800877299458047,B
6683,-1.0512935761027873,B
6684,-1.6038616493414997,C
6685,-0.011384451357371242,C
6686,0.02961131319534562,A
6687,0.4639963447173639,B
6688,0.10578692047589515,D
6689,-0.4809443910351504,B
6690,-0.7747521088804064,A
6691,-0.48274947792421496,B
6692,-0.7231319402819597,D
6693,0.00958787899247853,A
6694,0.9251255594630331,A
6695,1.3087482521288505,A
6696,-0.8936869227061567,C
6697,0.48194555801482286,C
6698,-0.3933528052610364,D
6699,0.25779704123839425,C
6700,0.5306545238251059,B
6701,0.9743506793618454,C
6702,1.0053397321187532,D
6703,1.022236082974912,C
6704,1.1179286207950265,A
6705,-0.09716071652585252,B
6706,-0.10407736452247307,A
6707,-0.9501770299718747,A
6708,-0.1531302078990041,C
6709,-0.35199020812549064,A
6710,-0.3201324989416605,C
6711,-1.1285129893302057,C
6712,-0.280572972651373,A
6713,0.2650092692972809,C
6714,-0.272405623051807,A
6715,-0.8342152779206311,D
6716,-0.43436039534437826,B
6717,0.16563418118345125,A
6718,0.43985109040023423,D
6719,-0.3565897835835165,C
6720,-1.4690606713105685,C
6721,-0.34799393541294676,B
6722,-0.7320337823512034,C
6723,2.128524115491458,A
6724,-1.1103158798153765,C
6725,-1.2359487961312932,D
6726,1.3437851351042283,B
6727,0.1809550577400093,B
6728,0.7723159110245761,D
6729,-1.0061090941204303,A
6730,2.1627681732765907,C
6731,-1.1173874950466656,C
6732,-1.3321077229184919,D
6733,0.10135567022079837,D
6734,-0.4985925437106559,A
6735,0.5607458552683567,B
6736,-1.4989261168604908,C
6737,-0.28534317370560647,C
6738,-0.5253457479006183,A
6739,0.5133833690507612,B
6740,-1.4192432270464526,B
6741,0.15451688476803233,C
6742,-0.42858564736068366,C
6743,-0.1551574968866382,B
6744,-0.4099122694106528,D
6745,1.2996671737205887,D
6746,-0.20004708596473067,A
6747,-1.6489127562971044,A
6748,0.2876155554515869,C
6749,-1.3359316259483962,B
6750,0.38862099405303735,A
6751,-1.3410625579889457,D
6752,-0.8141193228517114,D
6753,-2.7793866496036563,C
6754,1.9607826893072524,D
6755,-0.4010958407281174,D
6756,1.4481932613468667,D
6757,-0.18241511300198443,A
6758,-0.08155761582467298,B
6759,-0.03820591011222955,B
6760,-0.22110727589000656,A
6761,0.7918027224218286,C
6762,-0.19836363910538782,C
6763,0.7987130765151633,D
6764,0.943070473758227,C
6765,-2.0685066165996058,C
6766,-0.3372712479628668,B
6767,-0.3435742456009436,C
6768,1.008656367418664,C
6769,0.004999712334530716,A
6770,1.6853148762910015,D
6771,0.1397549331303727,B
6772,1.264501568125203,D
6773,-2.3582001556560583,A
6774,0.16283091619126747,B
6775,-0.06378664975827321,D
6776,0.6321251620349675,D
6777,0.32704276317621683,A
6778,0.406761847091488,A
6779,1.1565220416540543,D
6780,0.5211330762602816,D
6781,-1.4015583257101687,D
6782,-1.1480021092571864,B
6783,1.3179893922767132,B
6784,0.3599127888403569,C
6785,-0.5835323538152691,A
6786,0.911422631349394,B
6787,1.7065726420562521,A
6788,0.1970289281484736,A
6789,-0.4877533842937085,D
6790,0.7755278399965725,C
6791,-0.033319357798452395,A
6792,-0.37623583824365586,C
6793,0.08254755060292054,B
6794,-0.8491505049293008,B
6795,-0.00909804372228416,C
6796,0.342498506584681,B
6797,1.4920937191434103,B
6798,-0.3470772835646653,C
6799,0.5024521766997739,D
6800,0.7584943776145634,B
6801,-0.07539113597371053,C
6802,0.8399949907722047,B
6803,-0.9657595582456431,B
6804,-0.3571948466424259,C
6805,1.416380720666128,D
6806,0.10033324570774307,A
6807,-0.48046859408636194,A
6808,-1.2462416409040264,C
6809,-1.224198117438348,A
6810,-0.7437837388843599,B
6811,-0.9044715605567265,C
6812,-0.1741726487269418,D
6813,-1.2505278138175828,C
6814,2.954661625927811,A
6815,-2.1218551969763766,C
6816,-0.5577390855420993,B
6817,0.6178979321970721,B
6818,-2.219633642487574,C
6819,-1.4114062507736491,B
6820,-0.8118298668352156,C
6821,0.558376650517823,C
6822,0.5916823243460981,B
6823,-0.2084952228519107,B
6824,-0.7210588138528264,C
6825,-1.3788441336323705,C
6826,-1.5064698806730694,B
6827,-1.5900147604554473,B
6828,1.696284770039058,D
6829,-1.0055221081695072,A
6830,-0.16886819129169825,C
6831,2.3893503331058326,A
6832,-0.7101149530348442,B
6833,-0.5314997912230297,D
6834,-0.4161232966559352,D
6835,-0.7413786945843917,A
6836,-0.4408147793518304,C
6837,-0.6881419254409387,C
6838,0.4935932542791206,D
6839,-0.5875788332921048,D
6840,0.044146541940571354,B
6841,0.23871818404963466,B
6842,-2.677686440573231,D
6843,1.5308311761969096,B
6844,-0.9431347272140265,D
6845,-0.09759090809403408,D
6846,-1.2527213037789853,A
6847,2.5375601541348227,C
6848,0.6798615759516057,B
6849,0.18946437111783146,C
6850,2.714190203357792,C
6851,0.11166374418281666,D
6852,0.08066401044444282,C
6853,-0.3788737590073933,A
6854,-1.6562207967792162,A
6855,-0.20422540286077367,B
6856,-0.12840020994347495,B
6857,0.7491406894900425,B
6858,-0.986610649564073,D
6859,0.9690712446332221,A
6860,-0.8684761987376429,A
6861,-0.06413642622157877,D
6862,-1.2711308950153224,B
6863,-1.1520931782724204,A
6864,-2.134935104858765,A
6865,-1.4532501814178926,D
6866,-0.62614851981633,B
6867,1.197384085459396,C
6868,-0.011611703780662482,A
6869,0.0036441158154872093,A
6870,-0.018752446543751387,B
6871,-0.7863040927639359,A
6872,-0.3314817398432852,A
6873,-0.6915093707130157,D
6874,-0.7489130636032434,B
6875,2.148220972890929,A
6876,-0.44117673207245045,B
6877,-0.8770529767819057,C
6878,0.15910018431841486,B
6879,-0.2317471129737414,C
6880,-0.4796340530259336,D
6881,1.1610101927797634,B
6882,1.260749317648538,A
6883,1.0947182952590788,B
6884,-2.511626733943161,D
6885,-0.40018661453907783,A
6886,-0.3198389669580545,C
6887,-0.11494035520483245,B
6888,1.3567646829270603,A
6889,-2.2040695974896507,A
6890,0.01209884067595703,C
6891,-0.7066247533918139,A
6892,0.012687992076518103,C
6893,1.5967434864567798,A
6894,-0.6080639788589784,A
6895,-2.0802593004961807,C
6896,1.0259762235905088,A
6897,1.989779564967073,D
6898,0.30257225209295363,A
6899,-0.5775557790772436,C
6900,1.779864869193246,A
6901,-0.7952474363950479,A
6902,2.7653834465322515,B
6903,0.2405620383092591,C
6904,0.24284507470819766,B
6905,-0.011409310400434481,C
6906,0.18771822866041732,A
6907,-0.29171191596608087,B
6908,0.13624102160298948,C
6909,-0.7123657649217149,B
6910,-0.6173534061982776,B
6911,-0.682952198505217,A
6912,1.648217771968486,C
6913,0.6460049373107863,C
6914,-0.7628346736384364,C
6915,-1.4094156806378657,A
6916,1.5302071534849726,D
6917,0.6973075454676715,A
6918,-1.221354842725366,D
6919,0.47004911752364953,A
6920,-0.39388010638683274,D
6921,1.5878297052352415,B
6922,-0.19684146126090726,C
6923,0.09415753094202092,A
6924,0.2227149157642197,C
6925,0.3726933025385212,A
6926,-0.030102541879517573,B
6927,0.1831789945642249,D
6928,1.553433185768853,D
6929,-0.3634067559630156,D
6930,-0.4102637921026117,B
6931,0.5376061751148594,C
6932,-1.2343414372223294,A
6933,-0.5909120274456824,A
6934,1.9913847993962215,C
6935,-1.7064453436318874,A
6936,-0.5575198224922748,B
6937,-0.9568245845581762,B
6938,-0.09296627558081928,D
6939,-0.8945777361183693,B
6940,0.878245216262885,B
6941,0.5275087813651991,C
6942,0.7654444808155537,A
6943,-2.1711331889503547,C
6944,1.5000417275755416,C
6945,-0.07726456091063803,B
6946,-0.4978898864218274,A
6947,1.961842597780547,A
6948,0.9803966262543399,A
6949,0.27511586634423224,D
6950,-0.3173856930190125,D
6951,0.6344899650139284,B
6952,3.0521684261018227,B
6953,0.19217437558119174,A
6954,1.7381995966592203,A
6955,1.1256319500822856,B
6956,-0.056062231374046013,D
6957,1.1085647128679754,B
6958,0.9948805259066485,C
6959,2.2378188993788917,C
6960,0.0032301729985674344,A
6961,-1.3903775504088987,D
6962,-0.9987212046643427,B
6963,-0.06837546152008214,A
6964,-0.0688352000300653,A
6965,0.6280922922986903,A
6966,-0.3690369169773933,A
6967,-0.6415619433818712,C
6968,-0.5158382962749891,C
6969,-0.20275793467995373,D
6970,-0.6357662370341263,A
6971,-0.6412846513746163,D
6972,0.7250766954375886,B
6973,0.8170148650608289,B
6974,1.0711697923026493,D
6975,-0.5215827730359509,B
6976,0.33726896916166954,B
6977,1.5449123713208524,C
6978,0.47666073474584075,B
6979,0.284732613737766,A
6980,0.1279189545279015,D
6981,-0.9153538669157119,B
6982,0.1118991516971479,C
6983,-0.8316854626385896,C
6984,-0.6092962181653098,D
6985,1.535071646874797,C
6986,0.4181376123885084,A
6987,-0.5318376723702882,C
6988,0.10663369505349123,B
6989,-0.5322119826646283,A
6990,-0.6406568691366329,B
6991,0.6304867330108014,D
6992,-1.5946302182937557,D
6993,-1.1234844688936687,D
6994,-0.36418914443135,B
6995,-0.3082782955395741,B
6996,-0.24796806387727596,D
6997,0.8593819851783372,D
6998,-0.07120615739449034,B
6999,1.0126021847285909,C
7000,1.1456996845777718,A
7001,0.719952687384656,C
7002,-0.16614452208469727,D
7003,0.3864630388942392,D
7004,-0.22740192914271828,C
7005,-0.7303371866541981,D
7006,1.2668458299705343,C
7007,0.03287366845897899,D
7008,0.20922325076167633,C
7009,0.5201459367185962,C
7010,0.7012435238681013,A
7011,-0.7410153311472806,C
7012,0.9602811546486724,A
7013,-1.003649747243311,D
7014,-1.0972805146315947,C
7015,1.3361526026284065,D
7016,-0.19317969831732107,B
7017,0.38140182652680055,C
7018,1.0655771803036176,A
7019,-0.022551234857463534,D
7020,0.1653143563777674,C
7021,-0.6928297591864635,D
7022,0.43799762596587316,C
7023,-0.4342489798559818,B
7024,-0.7873471268669089,B
7025,1.6355487255834051,A
7026,-1.7477170593332019,A
7027,-1.0051387886729086,D
7028,-1.6423998953429653,D
7029,-0.28494385830262053,A
7030,0.31191268741268113,A
7031,-1.6072285931199226,A
7032,-2.967387160576156,B
7033,-0.01758947681927081,B
7034,0.654789958640056,D
7035,1.6238035343001325,D
7036,-0.23029792016415918,C
7037,-1.0191408680530398,D
7038,0.39459045671566967,B
7039,1.9806297852022732,B
7040,-0.8137677286019646,B
7041,0.6562329304828657,B
7042,-0.58616092424701,B
7043,1.2422279473892042,C
7044,-0.37352741990494953,C
7045,1.7939650758323913,C
7046,0.18205931819817134,C
7047,-0.12291148921155451,A
7048,0.17660743939388762,B
7049,0.917394713125487,D
7050,-0.4429941883431959,D
7051,-0.9241746395382341,D
7052,1.4019701106718256,C
7053,-0.11554298930932932,C
7054,-1.810488261915687,A
7055,-0.9346818229072261,D
7056,0.9818034296153973,D
7057,-0.680702209572406,C
7058,-0.7459098325947252,B
7059,1.667507110810562,A
7060,0.5067264349052403,A
7061,-1.245279407496561,B
7062,-0.2570562848783384,A
7063,-0.192725706012937,C
7064,-1.0574407695480623,A
7065,0.04137476678147368,D
7066,-1.0353838902333155,B
7067,-0.11836008566341032,C
7068,0.43035706534451795,D
7069,1.5478776283411109,C
7070,1.1509118512130143,D
7071,-0.24335367265587676,B
7072,-0.9922838651413826,D
7073,0.3330949363383122,B
7074,-0.3471090886972746,A
7075,-1.0947930874526244,C
7076,2.548887951475751,A
7077,0.7498027603049136,B
7078,-1.388775266047613,A
7079,0.8725229669865923,C
7080,-0.06160003093953625,C
7081,0.23969807251555497,A
7082,-0.35889028447673565,D
7083,1.177697985691416,B
7084,0.2820802158337991,C
7085,-1.7316473752992796,C
7086,0.8125529732698604,C
7087,1.607885797001879,D
7088,-1.3186492508012972,B
7089,-0.8674139255127742,D
7090,-1.2163277761239055,B
7091,0.3900968755058602,C
7092,-0.15208458379320292,D
7093,-1.2236410025751228,B
7094,0.19264275992280694,D
7095,-1.332754438592073,B
7096,1.2326783173278306,B
7097,0.1732543368807253,A
7098,0.18641566798093806,C
7099,-1.013522474732075,A
7100,0.20317208385455357,C
7101,0.4775696456863197,D
7102,-0.7946265171694005,B
7103,0.3785506379549095,D
7104,-0.3200584724191816,A
7105,0.09987341551890412,B
7106,0.23986017708693458,D
7107,0.6878296546768704,B
7108,0.682900100188676,A
7109,1.807638180556873,B
7110,-1.7252237523253426,C
7111,-0.2911415813629904,B
7112,1.2929027860662872,B
7113,1.4281020243642992,A
7114,0.06683176021979462,B
7115,1.0137073128700005,A
7116,-0.5401165674863818,A
7117,-2.366199927003761,B
7118,0.6570793274886655,D
7119,-1.023086317954777,C
7120,-0.1887012793557581,D
7121,-0.988533760606648,C
7122,0.6032912674729045,D
7123,0.7004338810234091,D
7124,0.6111540370025142,A
7125,0.18701454827840835,C
7126,-0.6283366180662605,A
7127,1.4185250139811985,C
7128,-0.9055975445808098,A
7129,-1.3327615630422198,C
7130,-0.42986659250522175,D
7131,0.5772069509607073,A
7132,-0.6408702027140936,B
7133,1.7687099535345456,B
7134,0.5236466174516486,C
7135,-1.1634928545163175,B
7136,-0.5726873495375417,C
7137,-1.0445065002742198,D
7138,-0.9355206823002334,A
7139,0.7130055274623182,D
7140,0.5294819664209277,D
7141,-0.6466797901939475,C
7142,0.89444138041683,A
7143,0.19397832478286056,B
7144,1.171618415231994,C
7145,1.0261358336276831,D
7146,1.1121109772318534,A
7147,-0.0838834516797815,C
7148,-0.3494276448002595,B
7149,-0.04390797683376496,D
7150,-0.02855372087509865,A
7151,1.6145235916229597,D
7152,-1.047142086181433,D
7153,-0.3912887885632135,A
7154,0.7008056673283358,A
7155,1.4615972042567247,D
7156,-0.4061015924422029,A
7157,0.5294562956168258,D
7158,-0.30125073916802886,D
7159,-0.05616873215399852,D
7160,-0.16613416916287083,B
7161,-1.015303559029899,A
7162,0.5248488671277688,B
7163,0.10161915176333092,C
7164,-0.4631255440906556,A
7165,0.3228392302973092,B
7166,0.0966064563958407,B
7167,-0.856019837002953,D
7168,0.4761567383866031,C
7169,-0.09128620728820842,B
7170,0.3665112606182917,B
7171,-0.5834885308147005,A
7172,-1.5429124564339618,B
7173,0.21599135183328805,A
7174,1.491979633277437,C
7175,-0.827476480203499,D
7176,-0.4775641810114977,B
7177,-1.4606736568270993,B
7178,0.9283514254069839,D
7179,-0.0013609873524155563,D
7180,1.9436146944279185,B
7181,1.3795103955489811,D
7182,0.5883931928927979,B
7183,-0.5518043030103919,D
7184,-0.44700818781921037,D
7185,0.9999904829777607,A
7186,-0.5283517403991885,C
7187,-0.15615523796728611,D
7188,-0.42827691692752257,C
7189,-0.09155532336456752,B
7190,-0.7611209138689538,C
7191,1.6565164683449738,B
7192,-0.6511058610870728,D
7193,-0.4716162148128404,D
7194,0.9694253739347444,B
7195,0.07989319478439288,D
7196,-1.4706800181714281,B
7197,1.21529032800398,D
7198,0.33893187567194577,A
7199,0.14011989661071098,C
7200,-0.09872677029199055,B
7201,-0.5643697543206867,D
7202,-0.7110293851195368,C
7203,-0.712896020306076,D
7204,-0.02702306713582146,A
7205,0.9728890310119778,B
7206,0.5723561786390133,B
7207,-1.1228045031985778,D
7208,1.6617209378503708,D
7209,-2.130017898538431,D
7210,-0.13193001408663144,B
7211,0.30280724164890604,D
7212,0.570714552156731,B
7213,1.3378757428985055,C
7214,1.1428638709636905,A
7215,-1.142598399401421,B
7216,-0.21653292377521915,A
7217,-0.3049643496073095,A
7218,-1.3485947393306683,D
7219,0.26354648560137683,B
7220,1.2931265066989146,B
7221,-0.1558934481352661,C
7222,0.29236758905094384,D
7223,0.17333274877001503,D
7224,0.6473661948178105,D
7225,0.5441813641120968,B
7226,-0.6332874904091054,A
7227,-1.074716260257068,C
7228,-0.22639406335477466,D
7229,-0.08459613366483518,B
7230,-0.143418494006937,B
7231,-0.35991577962194315,B
7232,0.41465247723360665,D
7233,0.4853473263695148,C
7234,-1.3263982500546414,A
7235,-0.5654435191145839,D
7236,0.6209916298996072,A
7237,-1.400042342079307,A
7238,1.0872376322458956,A
7239,1.516420687995473,B
7240,-0.3899895958382138,D
7241,-0.30523806998131164,C
7242,0.9980727253637816,A
7243,-0.3334280171888131,C
7244,0.9544101355194752,D
7245,-2.5576600406796253,B
7246,-1.5116265825183806,D
7247,-0.24160523825967706,B
7248,-1.047546772117851,D
7249,-0.7550297499579885,D
7250,-2.6609294239605403,B
7251,-1.467049239302685,C
7252,-0.0273387618184814,A
7253,0.284204388399959,D
7254,-0.33861876776100414,D
7255,-1.0471725835696803,D
7256,0.003581879213687295,D
7257,0.8511089844739271,D
7258,0.44703544574105053,B
7259,0.5473675099967001,D
7260,-0.07826569022024839,B
7261,-0.19054701842719987,A
7262,-0.4178633991946488,A
7263,-1.1237470514798666,C
7264,-1.7131798438960604,B
7265,1.4310090803792026,C
7266,0.06483701229196805,A
7267,1.695434688046284,D
7268,-0.7562779831409087,C
7269,0.30023280944931674,C
7270,0.8777409740097682,B
7271,-1.452319888939726,C
7272,1.4817113544878964,D
7273,-0.7077623471567217,A
7274,1.0276477060844966,A
7275,-0.22566408398391652,D
7276,-0.5110859796158295,B
7277,-0.022961183675976715,B
7278,0.33065200137826867,A
7279,0.5771739712053106,A
7280,-1.6806878657087096,C
7281,0.40059187960798415,A
7282,0.9365531951741225,C
7283,0.3867630199669593,B
7284,0.35557823217131995,C
7285,1.7211364029657419,C
7286,-0.08148552809025386,A
7287,0.17185895694382888,A
7288,-0.09242827371940049,B
7289,0.28034515451204906,D
7290,0.041118113346455674,C
7291,-1.5243799397637052,A
7292,0.9534542132097983,C
7293,0.5288317862488385,A
7294,-0.020421874861420893,B
7295,-2.1105408367084597,C
7296,1.6530873728059619,D
7297,-0.5030522170210826,C
7298,-0.6744819450133889,A
7299,-0.24223059080193482,C
7300,-0.7094511041646688,B
7301,0.14658148260718754,A
7302,-1.2689622731299086,C
7303,1.4662856927831733,A
7304,0.05894276265629278,C
7305,0.5337560006502388,D
7306,0.6117663601885539,D
7307,0.06651518657809467,B
7308,-0.8431089953932982,A
7309,1.5960667770488917,D
7310,-1.612009040709134,D
7311,0.785218077818295,C
7312,-0.11662435269449971,C
7313,0.05591593124474863,A
7314,-0.019797606459605977,B
7315,0.6997734124735956,D
7316,-0.24806155920715456,C
7317,-0.24175414888311347,D
7318,-0.3949964437789506,C
7319,-0.31723851715038526,B
7320,-0.4953717732511404,C
7321,0.872393435625821,D
7322,1.5749092426333013,A
7323,-0.7801858921973861,A
7324,0.43886460364623336,C
7325,-0.2498778240580768,A
7326,0.105006673520249,B
7327,2.2873918653400525,A
7328,-0.11576690576823523,C
7329,0.1387569832433072,D
7330,-1.2416059820823337,A
7331,0.4576810281692584,D
7332,-0.9084986587618826,C
7333,1.1871732724799455,D
7334,0.8023889643762334,B
7335,0.6639231353204221,C
7336,-1.5710590321370086,C
7337,1.9279049225043863,D
7338,-0.7859790115983375,A
7339,-2.174132463795282,C
7340,-1.2802834526788396,C
7341,1.751230648638007,A
7342,1.515817670462086,C
7343,-0.4741641946093251,C
7344,0.4188330361124424,C
7345,0.4657444599994196,B
7346,0.491917001680977,B
7347,0.46677034957778557,A
7348,0.7565968869128482,C
7349,-0.07157438819527459,A
7350,0.8284046962470821,D
7351,-0.17876379145114685,D
7352,-0.8562073595099856,B
7353,-0.14897257599333932,B
7354,-1.0674137758559195,C
7355,1.8695577618787582,A
7356,-0.39864062218472235,B
7357,-0.027375680382027003,C
7358,-0.9402244270205046,B
7359,-1.9298680492476286,C
7360,-0.6098042736011131,D
7361,0.3609632636443102,A
7362,-0.37604891268839186,D
7363,-0.6140147872130496,A
7364,0.6605216444039692,B
7365,0.3234951713433835,A
7366,1.2792057715094078,B
7367,0.5024929742466957,B
7368,-0.057542838842467046,C
7369,2.4092511062058675,B
7370,-1.397915401543696,C
7371,0.8055671143237578,B
7372,-0.6890038979759038,B
7373,1.2377416195344255,D
7374,-0.10854172905966454,C
7375,-0.5231915977526841,C
7376,-0.361154843253265,A
7377,0.8068167605118123,A
7378,0.8098904409836268,B
7379,-0.6377626461908641,C
7380,0.6062941049036398,A
7381,0.0488531331958122,A
7382,-1.4402568458391318,D
7383,-0.3106564544336232,A
7384,0.42632257954824526,B
7385,-0.004529583539761234,C
7386,1.0414916411577766,D
7387,0.04949308524550914,A
7388,0.15851509604671396,B
7389,0.3023121208555394,C
7390,0.04478363257075519,D
7391,1.232227099757547,D
7392,0.11006967081272238,C
7393,0.11795404631210167,D
7394,-1.670164883259564,B
7395,-1.1816236682931458,D
7396,-0.7106175944512724,B
7397,-1.7423327319142736,A
7398,-0.5694299862577277,C
7399,-0.9699367840562728,B
7400,-0.32082553476274744,C
7401,-0.5292491390494286,B
7402,1.311036592774843,A
7403,-0.13348858147518508,D
7404,0.449428642693507,C
7405,-0.933332987837001,B
7406,-1.5361308757468333,B
7407,-0.12561746111844097,A
7408,0.4509102799780447,B
7409,0.14373076103777452,D
7410,-0.0533074543320936,A
7411,1.5185813115001454,A
7412,0.3748251612915725,C
7413,-1.3226155531537198,D
7414,1.9688969710782072,B
7415,1.2621557482804842,A
7416,0.9720658002806837,A
7417,0.703612180153408,B
7418,-1.3306772770754398,B
7419,0.33971891522473524,C
7420,0.7953573058127549,C
7421,-0.7636356418171751,C
7422,0.7486224664409344,B
7423,-0.9378196447679861,B
7424,-0.24900009543065765,B
7425,-1.7867763488438382,D
7426,-0.6814600648996102,B
7427,0.4077104320997383,C
7428,0.389636928243687,B
7429,1.965200167873166,D
7430,0.0608805602438797,D
7431,-1.6318959559118005,C
7432,-0.3013843186812055,B
7433,0.08328496692778226,B
7434,-0.09808582874837259,D
7435,-1.2915158343187585,C
7436,0.138085005449672,A
7437,0.114080663412735,B
7438,1.310343718705224,B
7439,-1.2561635160640112,B
7440,0.6435673076444353,D
7441,0.12467919823913902,B
7442,1.832141902143042,D
7443,-0.45670518925697384,D
7444,-0.3752948501617506,A
7445,1.7325876477801956,D
7446,0.21042681256715237,C
7447,-0.9438212521053767,C
7448,-0.8424846153353963,A
7449,0.8389473704818147,A
7450,1.654048436956716,A
7451,-1.7881199346384535,A
7452,-0.39220399696107,A
7453,1.171751699501018,A
7454,0.17249377252471357,A
7455,0.2070139850974628,C
7456,0.1312980232609087,C
7457,-0.5432745844339145,D
7458,0.9858410470643642,D
7459,0.5211717563727751,D
7460,3.1023467288679067,D
7461,1.182322807795281,B
7462,-0.1393104516896876,C
7463,-1.5313226663067412,B
7464,-0.04693259399542414,B
7465,-0.7065339671595,C
7466,0.7983091488039471,B
7467,0.7007511244014829,D
7468,-2.104192314651139,C
7469,0.3030240860106827,C
7470,-1.248445206010925,B
7471,1.7689881559605785,B
7472,0.622097880501715,C
7473,0.35613986410141907,B
7474,-0.651570238478192,C
7475,-0.47325652090956327,B
7476,1.8905952831742352,D
7477,0.2534931305663043,C
7478,-0.9221901276613053,C
7479,-1.0359178476080468,B
7480,-0.20768393704819704,A
7481,2.0212003687059688,D
7482,0.19240520795699056,A
7483,-0.47698227983947017,C
7484,-0.21253748208028192,D
7485,0.10427995807060339,C
7486,-1.0282290486915828,C
7487,0.16956970889277723,C
7488,0.17476462796379302,C
7489,0.4661759551771991,B
7490,-0.07742362449451594,A
7491,-0.9725473973420389,A
7492,-0.7622552971262451,B
7493,0.03679929828194753,C
7494,-0.25678271330263563,B
7495,0.5178955328884601,D
7496,0.40193388497414956,A
7497,-0.5728817562664912,A
7498,0.3105346993695171,C
7499,-0.42211395627384746,C
7500,1.5691239094006235,B
7501,0.5764351350312935,A
7502,0.2082138659384174,D
7503,-1.8919511346377176,A
7504,-1.7899999491766596,C
7505,0.25573269758592276,A
7506,-2.7781881833091715,D
7507,0.3699668421447179,B
7508,1.4751406804402594,D
7509,-1.5139046041223836,D
7510,-0.790126254880607,C
7511,-0.919712008533712,A
7512,0.36374156253912454,A
7513,0.1640950823393924,A
7514,1.1714600792824623,A
7515,-1.4083638205721627,A
7516,2.4761472337585335,D
7517,0.8345184671956983,C
7518,-0.29880733437588003,B
7519,-0.018409532605136867,B
7520,0.2841628840701372,A
7521,-0.28769273474975815,B
7522,-0.6470675036305487,D
7523,-1.1084594164958994,B
7524,-0.3751436395351252,B
7525,-0.07424008677840514,C
7526,1.5135645570428757,A
7527,-0.26278419508739553,A
7528,0.7129903786986413,D
7529,-0.10493427817198704,A
7530,1.3273536197801241,D
7531,0.10892492812010185,C
7532,-0.34879355897996545,C
7533,0.8873153746550237,B
7534,-0.1022477373510508,C
7535,-0.5583368786448705,D
7536,-0.8526539147995479,C
7537,0.9032152309727381,C
7538,0.5895154268159704,B
7539,0.4142845097619755,D
7540,0.9659219047224996,D
7541,1.775677300537575,D
7542,0.5310476155041889,C
7543,0.42901460129205143,D
7544,-0.1498666027873916,C
7545,1.6879632331723684,B
7546,0.07561333585026771,D
7547,0.8604594355466111,A
7548,-0.6194244623143882,A
7549,-0.742195211967107,A
7550,-1.4684363896542303,A
7551,0.07648973185469753,A
7552,-0.47978075279092125,D
7553,0.020335238860386892,B
7554,0.49580647901790414,B
7555,1.0743313436297597,A
7556,0.9732382004301664,D
7557,-0.7790971922415989,D
7558,2.3900531689425986,D
7559,-0.5352701116399694,C
7560,0.3726683695914616,A
7561,0.49071621048787417,C
7562,0.9981577373687548,C
7563,0.17415172918821548,C
7564,0.20658302634983508,D
7565,-2.514033917853029,B
7566,-0.49450321808707515,B
7567,0.6875346965136035,A
7568,-1.0204545587888085,D
7569,0.7129303863943802,C
7570,-0.04497828755546109,A
7571,-1.0931064062894609,B
7572,0.5478889541776538,C
7573,-0.30768544251388624,D
7574,0.8765223445891739,D
7575,0.9532455677797967,C
7576,-0.8726394891471306,D
7577,0.2963386578543827,D
7578,1.9815073734000317,A
7579,0.8042101641990658,B
7580,-1.5259386297857314,B
7581,-1.4720347358544403,C
7582,-0.8176661101182401,B
7583,-0.27006896335481884,C
7584,-1.198382966135891,C
7585,-0.5917732069478088,A
7586,-1.9716350143044106,C
7587,-0.5522149061785538,C
7588,-0.3733929096942316,B
7589,-0.8531543104107161,C
7590,0.44809820638415,C
7591,-0.11793495425223963,C
7592,-0.37150724325041007,C
7593,-0.9105268994967346,B
7594,-0.86988966399196,A
7595,0.3569645762624779,A
7596,-0.9370003322898302,B
7597,-0.30775463510385986,B
7598,0.49420458183395194,A
7599,1.3805891175311198,B
7600,1.4996221106160454,C
7601,-1.6527537759045523,A
7602,-1.150930058069939,A
7603,0.43535581404407175,B
7604,1.2250024168202598,D
7605,-0.2057880805524712,C
7606,0.6321491382045903,C
7607,0.8449062092112783,B
7608,1.4602068322311463,B
7609,0.6079199673555692,D
7610,0.3615640781622537,A
7611,-0.49066694274928474,C
7612,-0.7747155618759585,A
7613,0.45485266745796843,A
7614,1.5339901742130813,C
7615,-1.3486098271101905,D
7616,-0.2720571708057214,D
7617,0.14081294827878896,A
7618,0.6391440185415312,D
7619,-0.21377903409112173,B
7620,-0.462495719839583,A
7621,-0.26899886725272615,A
7622,0.5391914788774014,D
7623,1.0578532186914502,C
7624,-1.9321703187610002,A
7625,0.5235941020631742,D
7626,2.3854733202191967,D
7627,0.540751762710474,C
7628,2.104548069046706,B
7629,0.5586729243104275,B
7630,0.09681970730144691,D
7631,-0.2700610587243408,B
7632,-1.2456711529598596,C
7633,-0.5843882095571543,D
7634,0.05325694279337968,C
7635,0.06748378588511711,A
7636,0.13653067973191738,D
7637,0.4182607456990585,C
7638,-0.7508553269934782,A
7639,-0.6368081402737903,A
7640,1.0148143596659334,C
7641,0.20625882776783577,D
7642,-1.5435936916577588,C
7643,-0.25087590848941244,D
7644,-1.4817641037171478,D
7645,-0.17101434115893227,A
7646,-0.9849762405212978,D
7647,-1.1521804465302266,D
7648,-0.095738222377432,C
7649,0.021082203324971068,C
7650,-0.3823246584837613,B
7651,-1.2218572259729048,B
7652,0.08571686476475451,A
7653,0.9426936648496376,A
7654,0.02955735165715353,D
7655,-0.304982784387588,A
7656,-1.2618350952530466,A
7657,-0.1827930890926841,A
7658,-0.017644798664054485,C
7659,2.8867600423383353,D
7660,2.3677178718510623,D
7661,-1.2249742670908266,A
7662,-0.6829539149502536,A
7663,-0.9959773103156275,C
7664,0.06272203483532143,B
7665,1.3712391432787958,C
7666,-1.741586617135051,A
7667,0.302769492352751,C
7668,-1.2969178680234574,C
7669,-0.3457170574456434,C
7670,0.05156467836628466,D
7671,-1.1426961657038277,A
7672,-0.07324693427635447,A
7673,-1.6533598771634677,B
7674,-1.3910340743919214,B
7675,0.20010171925640635,D
7676,0.39543461108497124,B
7677,0.15657322765798998,B
7678,0.8043512843740792,C
7679,2.205017897720867,B
7680,0.11050441884890332,D
7681,0.20827678874647432,B
7682,-1.2900735593265205,C
7683,-0.06319537122325919,A
7684,-1.158835012228967,A
7685,0.7620866606915581,D
7686,0.2951214248106311,B
7687,-1.2809921667885509,C
7688,-0.5223326850969555,D
7689,-0.8916514496303722,A
7690,-0.3029316535157417,B
7691,-0.9885078316073497,B
7692,0.21477519765463704,B
7693,1.144255948794497,C
7694,-0.32427350274621464,C
7695,-0.21813291932916576,C
7696,-0.38527593830310664,A
7697,2.366616487497975,A
7698,-1.4300054214525992,A
7699,0.6940236260326286,B
7700,-0.29036984734195626,B
7701,-1.3598763734562411,C
7702,-0.39837145790428724,C
7703,1.2210422165835944,A
7704,1.1931682076819372,C
7705,1.1987080216088053,D
7706,-1.1640087821987448,C
7707,-0.5284663009190295,C
7708,1.0163998337704734,C
7709,0.34572038233979874,B
7710,0.9648520245657155,C
7711,-0.9689564755994708,D
7712,-2.5472818773765495,D
7713,0.18708178032483738,D
7714,-1.156866595949478,C
7715,-0.12416398970350691,D
7716,0.7665141842046832,A
7717,-0.8366045542316425,A
7718,0.40796977957259406,D
7719,-0.1711121192032459,C
7720,1.527176799719351,C
7721,0.17703157090781244,D
7722,1.9911177852892878,B
7723,-0.2523574934893,C
7724,-0.8997956037872824,A
7725,0.4171096061254756,B
7726,1.2839820205073351,D
7727,-2.3327191970610164,A
7728,0.1746716945289477,C
7729,1.2840242334791927,B
7730,-0.10364166900485387,D
7731,-0.40200024814471724,C
7732,0.8566102278224651,C
7733,0.4266041293695433,C
7734,0.8538393021519467,B
7735,-0.0471664631262292,C
7736,-1.1604667266920927,C
7737,-0.6582192308842162,D
7738,-0.00724584230414688,A
7739,0.8656479737593518,C
7740,0.12763924046611147,B
7741,0.5965120129640549,C
7742,0.8329028506122261,C
7743,-1.4281436322349974,D
7744,0.2739157055461703,C
7745,2.281353330520107,D
7746,0.4978756221058045,D
7747,0.8549465307816546,A
7748,0.5000023717316756,B
7749,2.35959695343113,A
7750,-1.7162876588774627,A
7751,-2.778909626123039,B
7752,-0.24804056602280627,B
7753,0.2863704068024436,A
7754,-0.7769965399533252,D
7755,0.41015831525025837,A
7756,-1.9396272792196179,B
7757,0.5114146972752915,B
7758,0.23907694186043751,B
7759,2.089173056549241,B
7760,1.3501184301138198,D
7761,1.1135694245510994,D
7762,0.4874457019647524,C
7763,0.6685353787566056,B
7764,1.8482853581616747,B
7765,-0.8016782491891287,A
7766,0.7831903464337527,A
7767,-0.3078620624973645,A
7768,1.1181493273262637,D
7769,-1.0504798480907265,C
7770,-0.31654212472558146,C
7771,-1.1061929477299453,C
7772,0.305558669977822,D
7773,0.129290700765493,C
7774,0.39130715407239225,B
7775,1.1843822957145935,D
7776,-1.520229119030576,C
7777,0.722059242387238,A
7778,1.0693686921454024,C
7779,0.5435066034110996,A
7780,0.273437636371025,A
7781,-0.2197207991088585,A
7782,0.8397272479242772,D
7783,0.5404665217726802,A
7784,0.6169679421636358,D
7785,0.14378402649826547,A
7786,-0.7600844662445269,D
7787,-1.3426475543833185,A
7788,0.22446689656666427,C
7789,-0.5179390393754779,B
7790,0.790435307367477,D
7791,-0.7833920604626745,A
7792,0.8753165524997665,D
7793,0.9250891545171457,B
7794,-1.2560719170549797,A
7795,0.7887273319705539,A
7796,-1.1435091527731134,B
7797,1.0808349955734857,C
7798,-1.1397834376960734,A
7799,1.495040687154694,D
7800,-1.284294636421397,B
7801,0.2391256131235073,B
7802,-0.14320604679784374,A
7803,0.7925857232283735,C
7804,-0.25607612841120264,D
7805,2.1746343717435193,A
7806,0.33392290842927475,C
7807,-1.3334665057189945,B
7808,1.7831845495274181,A
7809,-0.3229681214671007,B
7810,1.9994675552816448,B
7811,-0.8827316281225039,A
7812,-0.06681962498370381,B
7813,0.8904768051984141,C
7814,0.03349023775304319,C
7815,-0.2554642077095411,C
7816,-0.33085840388887566,B
7817,1.397629615099301,A
7818,-0.053555512199305766,D
7819,-0.1229718476519513,C
7820,-0.42609642694963734,B
7821,0.11933394862613762,A
7822,-0.36834698479134836,B
7823,0.42023138735143434,D
7824,-1.486265168537385,B
7825,1.643928250141753,D
7826,-0.6654390907731429,B
7827,-0.4774057089087017,D
7828,-0.016047897921140884,A
7829,-0.06751233671884746,B
7830,-0.347856602069614,A
7831,-0.244600785834135,A
7832,-0.8850133903533315,C
7833,-2.059896066535503,A
7834,1.2537986043042513,A
7835,-0.8008645535387198,C
7836,-1.5431884188475755,D
7837,0.38584165551995375,C
7838,-0.15711327880425116,A
7839,-1.0699994475722032,B
7840,-0.16025826254425962,D
7841,1.4324357316325798,D
7842,-0.49727856365917256,C
7843,1.3316011846638136,A
7844,2.5290448820489577,B
7845,0.007189088594425108,A
7846,-1.4984287685256394,D
7847,1.5020723667351954,B
7848,-0.5738745984220892,D
7849,0.22176451046040407,D
7850,1.4720894787295302,C
7851,-0.8703697547812236,C
7852,-0.2838542400338011,C
7853,-0.43445644618007545,B
7854,0.6966030238636586,D
7855,0.5061482626168597,C
7856,-1.2572021193604201,C
7857,-1.1122584544815153,B
7858,-0.39735076785883555,B
7859,-0.9537372608437239,C
7860,-0.6585701853873278,C
7861,-0.20432519109419353,C
7862,0.6577330319849305,D
7863,0.15931918513064025,C
7864,-0.24617549169980033,A
7865,0.12743845786982494,D
7866,-1.0449620028363116,B
7867,-0.7714970345324266,B
7868,-1.0114320168025168,A
7869,-0.870420666975176,C
7870,2.8837387008456523,C
7871,-1.3205843142187788,C
7872,0.33536324220011277,D
7873,-0.5816918320035669,A
7874,-2.0616883292412647,D
7875,0.05663078496841787,B
7876,-0.42479389887926977,D
7877,0.1517843761302733,B
7878,1.7122535561330523,D
7879,-0.0859985690401003,B
7880,-2.6847787442292073,B
7881,0.9870070099057673,A
7882,0.81487767993591,D
7883,1.041937111406516,B
7884,0.5283765254879788,C
7885,-0.20362480147258655,D
7886,0.6578384584383624,C
7887,1.6317475480311736,B
7888,0.13885592626759719,B
7889,-0.03512331938498973,B
7890,0.4824345039049218,D
7891,-0.8326595403600044,D
7892,-1.9802629041023814,A
7893,1.3940685069047618,D
7894,-0.13468588939733825,B
7895,0.7236312141048898,B
7896,0.705045131696346,D
7897,-0.25008634806210295,A
7898,-0.7255877241144082,C
7899,0.32234056406310446,A
7900,-0.527791395619066,B
7901,0.3549575911868637,D
7902,-0.34438705954955173,D
7903,-0.6940272389025646,A
7904,1.6408635636321944,D
7905,-0.37928281966855615,C
7906,-1.822732040357868,A
7907,0.40679573922231493,C
7908,0.4415302617533025,D
7909,0.052551614117239714,A
7910,-1.038387693588312,A
7911,-2.7457892655748464,A
7912,1.0315693473280216,D
7913,-0.7381883953495283,D
7914,-0.7306966225061339,A
7915,0.24415137845017226,A
7916,0.4536557802369617,B
7917,-0.5620690962743106,B
7918,0.7612764674052266,A
7919,-1.1817771868924227,B
7920,-0.7455523798854218,C
7921,1.4287665491466766,C
7922,-1.5482806628622257,C
7923,-0.8618994518816022,D
7924,0.7814883463468609,B
7925,0.6408471980111586,B
7926,1.1941247137606783,A
7927,0.928539890250626,B
7928,-1.5159005889973711,B
7929,1.4377484218556742,D
7930,0.36329663121271566,C
7931,-0.31820045259689317,A
7932,1.7741622166059414,A
7933,0.13291765826904406,D
7934,-0.7110262995522313,C
7935,0.573876671602765,A
7936,0.7577688882141225,C
7937,0.5098251172467728,D
7938,-2.3957459794343943,D
7939,0.9148358936568829,C
7940,-0.2701416606002782,C
7941,-0.35726179336446007,A
7942,0.6090485470747926,D
7943,0.1427658561859094,A
7944,-1.057936814881028,D
7945,0.15494805353006733,B
7946,1.9122533933870287,D
7947,-0.14475530230593345,C
7948,-0.22497788972104046,A
7949,-0.6927024949689711,D
7950,-0.36344412854149305,A
7951,1.6482397427901014,C
7952,-1.5769816128448149,C
7953,-0.5585964265484364,C
7954,-1.303138886644532,D
7955,1.1285543729195178,D
7956,-0.780061871438519,B
7957,-0.4131220207957898,B
7958,-0.3670032030848922,B
7959,0.6301516313889793,A
7960,0.6088533126647003,A
7961,-1.5067686077914508,C
7962,0.6269074667459399,A
7963,1.4023754093871128,D
7964,0.20906563980764228,B
7965,1.7292619249131385,C
7966,-2.729551971752226,B
7967,-0.5840667248837417,D
7968,-0.6555131473898772,C
7969,-0.07668134243066865,A
7970,1.142112584583936,B
7971,-1.3702885593015455,D
7972,-1.0267227781233346,D
7973,-0.4812892500818309,A
7974,0.4787979442501453,B
7975,-0.7353225033199963,D
7976,-0.7091114247398955,D
7977,1.3138913976014712,C
7978,1.1968764145701496,C
7979,-0.8828802694287304,C
7980,0.7712651696234248,A
7981,0.15145543698921704,D
7982,0.2669794852864512,C
7983,0.6754976515153125,D
7984,1.4337733180563585,C
7985,-0.7980695141928223,D
7986,-0.8247216459903265,A
7987,1.4047304137134506,A
7988,0.6185712447601585,A
7989,0.9134589945139738,D
7990,-0.5751663628556921,C
7991,0.6157295480849709,D
7992,-0.18766880549250464,B
7993,-1.6068567324257896,D
7994,-0.7187388769440107,B
7995,-0.39372350355463925,C
7996,1.7717463410408874,B
7997,-1.9563481865237211,C
7998,1.6660391375118133,D
7999,-1.4324327720761016,A
